update,grad_norm,clipped,loss,cls,box,quality,depth,num_pos,gate_rate,temp_gate_absmean,bank_slots,temporal_active,bank_resets,grad_backbone,grad_head
0,19.3571,0,15.5745,13.7460,0.0000,0.0000,1.8285,12,0.000,0.00000,4,4/4,0,14.0757,13.2881
1,18.4691,0,14.9752,13.2811,0.0000,0.0000,1.6941,11,0.000,0.00002,4,4/4,0,12.5202,13.5776
2,18.5882,0,14.7538,13.1771,0.0000,0.0000,1.5767,11,0.000,0.00003,4,4/4,0,12.4345,13.8169
3,16.2247,0,14.4665,12.9406,0.0000,0.0000,1.5258,11,0.000,0.00004,4,4/4,0,8.8453,13.6015
4,16.3302,0,13.9752,12.4857,0.0000,0.0000,1.4894,11,0.000,0.00006,4,4/4,0,9.1354,13.5359
5,17.2038,0,14.1101,12.2489,0.2252,0.1741,1.4618,11,0.182,0.00007,4,4/4,0,10.3488,13.7431
6,17.6095,0,14.1207,12.0121,0.4157,0.2371,1.4558,11,0.273,0.00008,4,4/4,0,10.9549,13.7872
7,18.7716,0,14.9231,11.8637,1.1451,0.4847,1.4295,11,0.545,0.00010,4,4/4,0,12.3691,14.1202
8,17.6983,0,14.4654,11.6723,0.9320,0.3896,1.4714,11,0.455,0.00011,4,4/4,0,10.2005,14.4630
9,18.8136,0,15.0256,11.4025,1.5244,0.6638,1.4350,11,0.727,0.00013,4,4/4,0,11.3034,15.0394
10,17.3852,0,14.1888,11.0666,1.1415,0.5692,1.4115,11,0.636,0.00014,4,4/4,0,9.7421,14.3992
11,16.4542,0,14.2256,11.1797,1.0144,0.4980,1.5335,12,0.583,0.00015,4,4/4,0,8.4524,14.1173
12,16.3440,0,14.0533,10.9051,1.1493,0.5815,1.4173,12,0.667,0.00016,4,4/4,0,8.4136,14.0120
13,17.1729,0,13.9183,10.6791,1.2217,0.6605,1.3570,12,0.667,0.00018,4,4/4,0,9.1442,14.5359
14,18.2230,0,14.6947,10.7454,1.6515,0.8924,1.4053,12,0.833,0.00019,4,4/4,0,8.6075,16.0620
15,19.5302,0,14.3084,10.5870,1.6330,0.7658,1.3226,11,0.818,0.00020,4,4/4,0,10.1989,16.6556
16,17.8690,0,14.0452,10.4412,1.4984,0.8204,1.2852,11,0.636,0.00022,4,4/4,0,10.3456,14.5694
17,17.8583,0,13.2326,10.3457,1.0681,0.5666,1.2522,11,0.455,0.00023,4,4/4,0,11.3902,13.7543
18,17.7439,0,13.2360,10.0100,1.3005,0.6637,1.2618,11,0.545,0.00025,4,4/4,0,9.7160,14.8474
19,16.6429,0,13.8331,10.1427,1.5499,0.9004,1.2401,11,0.636,0.00027,4,4/4,0,9.4483,13.7010
20,19.1532,0,13.8158,10.0185,1.6486,0.9702,1.1785,11,0.818,0.00028,4,4/4,0,10.3688,16.1038
21,19.6140,0,14.4110,9.8868,2.2117,1.1611,1.1514,11,0.818,0.00030,4,4/4,0,10.6442,16.4745
22,20.9760,0,14.3317,9.6315,2.3584,1.2380,1.1038,10,0.900,0.00032,4,4/4,0,11.1757,17.7510
23,19.0222,0,14.5829,9.6395,2.5518,1.2786,1.1130,9,0.889,0.00034,4,4/4,0,10.9854,15.5294
24,24.4304,0,14.7452,9.3556,2.8417,1.4702,1.0777,9,0.889,0.00035,4,4/4,0,13.0814,20.6330
25,21.7231,0,16.1591,9.3934,3.6822,2.0163,1.0672,9,1.000,0.00037,4,4/4,0,12.4359,17.8113
26,22.2192,0,16.6307,9.0427,4.1899,2.2754,1.1228,9,1.000,0.00039,4,4/4,0,12.9195,18.0771
27,24.1527,0,16.7158,9.2835,3.8356,2.2075,1.3892,9,0.889,0.00040,4,4/4,0,12.4557,20.6932
28,25.7168,1,18.6019,9.2218,5.3216,2.6514,1.4071,10,1.000,0.00042,4,4/4,0,13.1123,22.1228
29,24.5739,0,20.0318,8.8072,6.9223,3.3367,0.9657,10,0.900,0.00044,4,4/4,0,10.2231,22.3464
30,25.7056,1,19.2467,8.9125,6.3622,3.0536,0.9184,10,0.900,0.00045,4,4/4,0,10.3412,23.5338
31,25.3451,1,20.6474,8.8088,7.2627,3.6134,0.9625,10,0.900,0.00047,4,4/4,0,9.7853,23.3799
32,31.1156,1,21.6740,8.5299,8.3188,3.9740,0.8513,10,0.900,0.00048,4,4/4,0,10.4681,29.3019
33,32.7556,1,22.3213,8.4136,8.7962,4.2753,0.8362,9,1.000,0.00049,4,4/4,0,10.2994,31.0942
34,34.2482,1,23.7366,8.2752,9.9871,4.5849,0.8894,9,1.000,0.00051,4,4/4,0,10.3516,32.6464
35,39.7663,1,22.3563,8.4824,8.7120,3.9088,1.2531,9,1.000,0.00052,4,4/4,0,12.6411,37.7036
36,36.8286,1,24.2197,8.2018,10.6442,4.5282,0.8455,10,1.000,0.00053,4,4/4,0,9.2004,35.6609
37,34.7483,1,23.6460,8.2969,10.0386,4.3805,0.9301,10,1.000,0.00054,4,4/4,0,8.8573,33.6005
38,37.7839,1,24.1377,8.3242,10.3510,4.6307,0.8317,10,1.000,0.00055,4,4/4,0,9.3465,36.6096
39,26.8981,1,24.4199,8.2544,10.5661,4.5305,1.0688,10,1.000,0.00056,4,4/4,0,9.3077,25.2364
40,33.2379,1,23.0358,8.2313,9.5865,4.4276,0.7905,10,1.000,0.00056,4,4/4,0,9.8728,31.7378
41,25.3447,1,23.9864,8.0600,10.3729,4.7081,0.8454,10,1.000,0.00057,4,4/4,0,9.0689,23.6666
42,29.4891,1,23.1906,8.0301,9.9287,4.4391,0.7928,10,1.000,0.00057,4,4/4,0,10.3723,27.6048
43,31.1202,1,24.8216,8.0287,11.1771,4.8008,0.8150,10,1.000,0.00058,4,4/4,0,9.0289,29.7817
44,30.0609,1,21.7834,8.1562,8.8487,3.9650,0.8135,10,0.900,0.00058,4,4/4,0,8.8483,28.7292
45,40.0892,1,23.1057,8.1814,9.7477,4.2757,0.9010,10,0.900,0.00059,4,4/4,0,8.3200,39.2164
46,33.0379,1,23.3976,8.2119,10.0093,4.2824,0.8939,10,1.000,0.00059,4,4/4,0,10.0806,31.4625
47,37.0647,1,24.2997,8.1778,10.6634,4.5636,0.8948,10,1.000,0.00060,4,4/4,0,9.7979,35.7463
48,38.7662,1,23.6012,8.3709,9.8986,4.4086,0.9231,11,0.909,0.00060,4,4/4,0,12.0952,36.8310
49,48.2234,1,22.5743,8.0931,9.3972,4.2896,0.7943,10,1.000,0.00061,4,4/4,0,11.5832,46.8116
50,36.4323,1,23.8476,8.2492,10.0433,4.6629,0.8922,10,1.000,0.00061,4,4/4,0,11.5214,34.5626
51,30.2987,1,23.1658,8.3942,9.3913,4.4463,0.9340,10,1.000,0.00062,4,4/4,0,11.3027,28.1116
52,28.3019,1,23.7434,8.2629,10.0335,4.5541,0.8929,10,1.000,0.00062,4,4/4,0,9.9940,26.4787
53,33.0743,1,23.5910,8.1657,9.9662,4.6117,0.8473,10,0.900,0.00062,4,4/4,0,11.7368,30.9218
54,34.8650,1,23.3103,8.2196,9.6618,4.4863,0.9426,10,0.900,0.00062,4,3/4,1,17.5447,30.1290
55,39.6707,1,22.2385,8.3544,8.7162,4.1934,0.9746,10,0.900,0.00063,4,4/4,1,20.4097,34.0178
56,34.3758,1,23.1624,8.2647,9.5272,4.4528,0.9177,10,0.900,0.00063,4,4/4,1,14.9577,30.9510
57,27.9678,1,22.7167,8.3390,8.9709,4.2803,1.1265,10,0.900,0.00063,4,4/4,1,13.1223,24.6983
58,33.8860,1,23.5828,8.1089,9.8578,4.8088,0.8072,9,1.000,0.00063,4,4/4,1,19.0112,28.0505
59,37.8405,1,22.9079,8.3213,9.0009,4.4880,1.0977,9,1.000,0.00063,4,4/4,1,20.9025,31.5434
60,35.5264,1,22.4689,8.0824,8.7837,4.7025,0.9003,9,1.000,0.00063,4,4/4,1,19.5964,29.6328
61,30.0121,1,22.7059,7.8872,9.2914,4.7610,0.7663,9,1.000,0.00063,4,4/4,1,16.5767,25.0187
62,27.6409,1,22.2193,7.8596,9.0399,4.5558,0.7640,9,1.000,0.00063,4,4/4,1,9.4883,25.9613
63,25.3733,1,22.4125,7.8835,9.0816,4.6877,0.7597,9,1.000,0.00063,4,4/4,1,11.3018,22.7173
64,28.5709,1,21.4430,7.9352,8.2174,4.5158,0.7746,10,0.800,0.00063,4,4/4,1,17.2638,22.7653
65,31.0142,1,21.0582,8.0285,8.1764,4.0818,0.7714,11,0.727,0.00063,4,4/4,1,16.0519,26.5370
66,22.6703,0,20.2946,8.0537,7.6312,3.8617,0.7480,11,0.727,0.00063,4,4/4,1,12.5422,18.8848
67,28.4930,1,21.4021,7.8116,8.6553,4.1963,0.7388,11,0.909,0.00063,4,4/4,1,11.3354,26.1411
68,28.3567,1,22.5807,7.6963,9.6716,4.4587,0.7541,11,0.909,0.00063,4,4/4,1,10.5697,26.3132
69,25.2761,1,20.9982,8.0085,8.2557,3.9762,0.7578,12,0.833,0.00063,4,4/4,1,12.3332,22.0629
70,32.8042,1,22.0974,7.7356,9.2038,4.4285,0.7295,11,0.818,0.00063,4,4/4,1,13.0274,30.1066
71,30.4683,1,21.4425,7.7423,8.7433,4.2401,0.7168,11,0.818,0.00063,4,4/4,1,12.5771,27.7512
72,31.9295,1,21.2331,7.9098,8.2520,4.3528,0.7186,10,0.900,0.00063,4,4/4,1,11.3036,29.8617
73,30.3157,1,21.2335,7.7139,8.5188,4.2737,0.7271,10,0.900,0.00063,4,4/4,1,9.8200,28.6812
74,32.6949,1,21.7096,7.7821,8.6677,4.5827,0.6772,10,1.000,0.00064,4,4/4,1,11.7701,30.5027
75,32.0827,1,19.1537,7.7344,7.1292,3.5909,0.6992,12,0.667,0.00064,4,4/4,4,17.6420,26.7966
76,27.8541,1,20.7233,8.0567,7.9576,3.9325,0.7765,12,0.833,0.00064,4,4/4,4,14.0453,24.0537
77,30.0874,1,21.5628,7.7857,8.5664,4.5526,0.6581,11,0.909,0.00064,4,4/4,4,16.8217,24.9456
78,37.8221,1,20.2129,7.9136,7.5843,3.8648,0.8502,10,0.800,0.00064,4,4/4,4,14.8274,34.7945
79,30.6868,1,20.1640,7.4930,7.7929,4.2305,0.6476,11,1.000,0.00064,4,4/4,4,13.4136,27.5999
80,41.0907,1,20.8119,7.8172,8.0393,4.3006,0.6548,11,1.000,0.00064,4,4/4,4,13.9242,38.6595
81,34.6431,1,20.9565,7.4166,8.1823,4.7162,0.6413,11,1.000,0.00064,4,4/4,4,11.7562,32.5873
82,29.2741,1,20.9296,7.6059,8.1543,4.5135,0.6559,11,1.000,0.00064,4,4/4,4,15.3352,24.9360
83,29.6713,1,20.6199,7.4838,8.2136,4.2866,0.6359,10,1.000,0.00064,4,4/4,4,10.4140,27.7837
84,24.9978,0,20.5247,7.3012,8.2322,4.3757,0.6157,11,1.000,0.00064,4,4/4,4,10.0702,22.8797
85,32.9398,1,20.2256,7.1518,8.1348,4.3294,0.6096,11,1.000,0.00064,4,4/4,4,10.0110,31.3817
86,29.2686,1,20.0141,7.1412,7.9743,4.2882,0.6105,11,1.000,0.00064,4,4/4,4,10.4580,27.3364
87,30.3360,1,20.4165,7.2057,8.0589,4.5337,0.6182,11,1.000,0.00063,4,4/4,4,12.3939,27.6887
88,28.6470,1,20.0753,7.2049,7.9591,4.2942,0.6170,11,1.000,0.00063,4,4/4,4,11.0494,26.4303
89,27.9029,1,20.0890,7.1356,7.9637,4.3685,0.6212,12,1.000,0.00063,4,4/4,4,14.3153,23.9508
90,21.4314,0,20.4532,6.9193,8.2463,4.6716,0.6160,12,1.000,0.00063,4,4/4,4,10.4516,18.7101
91,24.2901,0,20.2473,6.9398,8.0674,4.6041,0.6359,12,1.000,0.00063,4,4/4,4,9.6522,22.2900
92,27.4283,1,20.0723,6.9100,8.0520,4.4861,0.6243,12,1.000,0.00063,4,4/4,4,8.5232,26.0704
93,31.8045,1,19.9835,7.1692,7.9300,4.2388,0.6456,12,0.917,0.00063,4,4/4,4,10.0917,30.1610
94,42.7178,1,20.1053,7.0101,8.1153,4.3734,0.6065,13,0.923,0.00063,4,4/4,4,10.2962,41.4584
95,47.5515,1,20.3500,6.9992,8.1137,4.5921,0.6450,13,1.000,0.00063,4,4/4,4,12.2266,45.9527
96,33.2696,1,19.5638,6.9959,7.7481,4.1642,0.6555,12,1.000,0.00063,4,4/4,4,12.2599,30.9283
97,29.7928,1,19.8486,6.7500,8.0868,4.3940,0.6179,13,1.000,0.00063,4,4/4,4,13.3818,26.6184
98,30.6952,1,19.4226,6.6761,7.5750,4.5439,0.6276,13,1.000,0.00063,4,4/4,4,10.6590,28.7851
99,34.1131,1,19.2629,6.6182,7.4133,4.5771,0.6543,13,1.000,0.00063,4,4/4,4,8.9771,32.9107
100,29.5135,1,19.7009,6.6653,7.8045,4.5149,0.7163,13,1.000,0.00063,4,4/4,4,10.8746,27.4370
101,38.9781,1,20.7488,7.1365,8.2978,4.5821,0.7324,13,1.000,0.00064,4,4/4,4,15.4328,35.7928
102,31.2965,1,20.0778,6.5308,8.2407,4.5852,0.7211,13,1.000,0.00064,4,4/4,4,10.6926,29.4132
103,27.3671,1,19.5756,7.1512,7.3065,4.3800,0.7380,13,1.000,0.00064,4,4/4,4,10.5094,25.2687
104,47.0513,1,20.0124,6.5298,8.0389,4.7083,0.7353,13,1.000,0.00065,4,4/4,4,33.4116,33.1284
105,43.3128,1,19.5272,6.3981,7.9237,4.5189,0.6866,12,1.000,0.00065,4,4/4,4,29.1022,32.0790
106,27.2462,1,19.1200,6.5370,7.3355,4.5320,0.7155,13,1.000,0.00065,4,4/4,4,13.2624,23.8005
107,27.1995,1,19.5016,6.6153,7.3709,4.8163,0.6991,13,1.000,0.00066,4,4/4,4,12.6970,24.0541
108,30.1602,1,19.7782,6.6159,7.5476,4.8999,0.7148,13,1.000,0.00066,4,4/4,4,11.0183,28.0756
109,31.3582,1,18.9568,6.5411,6.8631,4.8575,0.6950,12,1.000,0.00067,4,4/4,4,11.8647,29.0269
110,28.5354,1,19.0771,6.5130,6.9355,4.9332,0.6953,11,1.000,0.00067,4,4/4,4,12.8523,25.4772
111,35.0605,1,18.5681,6.4691,6.6109,4.7832,0.7048,12,1.000,0.00067,4,4/4,4,11.8296,33.0045
112,38.4222,1,18.3338,6.4230,6.5115,4.6925,0.7069,12,1.000,0.00067,4,4/4,4,9.7819,37.1562
113,32.4512,1,18.4971,6.5326,6.6865,4.5770,0.7010,11,0.909,0.00068,4,4/4,4,14.0192,29.2667
114,35.0228,1,19.1670,6.2910,7.2240,4.9087,0.7434,11,1.000,0.00068,4,4/4,4,11.9603,32.9173
115,37.0768,1,18.1418,6.6779,6.3047,4.4403,0.7189,11,0.909,0.00068,4,4/4,4,13.4380,34.5559
116,33.8320,1,19.4735,6.5685,7.3604,4.8572,0.6873,12,1.000,0.00068,4,4/4,4,14.4723,30.5804
117,31.7371,1,19.7147,6.7261,7.4430,4.8509,0.6946,12,0.917,0.00068,4,4/4,4,13.7079,28.6241
118,35.3665,1,19.8293,7.2850,7.1136,4.5069,0.9238,11,1.000,0.00068,4,4/4,4,22.2016,27.5296
119,33.6598,1,19.5477,6.7361,7.2966,4.7693,0.7458,11,1.000,0.00068,4,4/4,4,15.3718,29.9448
120,27.5026,1,18.9460,6.5285,7.1567,4.5781,0.6828,11,1.000,0.00068,4,4/4,4,12.9204,24.2787
121,28.8750,1,19.3063,6.4815,7.5310,4.6181,0.6758,11,1.000,0.00067,4,4/4,4,14.4187,25.0173
122,33.3618,1,18.9977,6.4120,7.3000,4.5926,0.6932,11,1.000,0.00067,4,4/4,4,13.5406,30.4904
123,27.3780,1,19.1198,6.3118,7.4493,4.6941,0.6645,11,0.909,0.00067,4,4/4,4,12.6709,24.2693
124,38.6892,1,19.4858,6.4445,7.7015,4.6621,0.6776,11,1.000,0.00067,4,4/4,4,13.3257,36.3219
125,34.3476,1,19.5827,6.9050,7.1376,4.5410,0.9990,11,0.818,0.00067,4,4/4,4,19.8583,28.0251
126,45.8189,1,19.4427,6.8477,7.6404,4.2235,0.7312,12,0.750,0.00067,4,4/4,4,33.9243,30.7981
127,30.6535,1,19.2270,6.6511,7.3971,4.5155,0.6632,11,0.818,0.00067,4,4/4,4,16.7311,25.6848
128,34.0857,1,19.0031,6.2378,7.7093,4.4045,0.6514,11,0.909,0.00067,4,4/4,4,17.4275,29.2936
129,29.7188,1,19.1431,6.3032,7.7571,4.3817,0.7012,14,0.857,0.00068,4,3/4,5,13.3329,26.5601
130,26.3179,1,20.1785,6.0958,8.6357,4.7623,0.6848,14,0.929,0.00068,4,4/4,5,13.6632,22.4933
131,28.8882,1,19.6736,6.2864,8.1947,4.3843,0.8082,13,0.769,0.00069,4,4/4,5,14.7405,24.8445
132,31.8860,1,18.9392,6.1698,7.9373,4.1390,0.6932,13,0.923,0.00070,4,4/4,5,16.4836,27.2948
133,40.3233,1,19.2902,6.9439,7.4894,4.0757,0.7812,13,0.923,0.00070,4,4/4,5,23.2838,32.9217
134,38.6603,1,18.7776,6.2727,7.5112,4.2484,0.7453,13,1.000,0.00071,4,4/4,5,19.3775,33.4533
135,34.2614,1,19.1569,6.0922,7.9294,4.4235,0.7118,13,1.000,0.00072,4,4/4,5,17.6665,29.3554
136,32.6601,1,19.5598,6.0522,8.2070,4.5793,0.7214,13,1.000,0.00072,4,4/4,5,13.6705,29.6615
137,38.6589,1,18.5459,6.1734,7.3290,4.3432,0.7003,13,1.000,0.00073,4,4/4,5,14.0362,36.0208
138,50.7008,1,18.0611,7.0106,6.2455,3.9531,0.8519,13,1.000,0.00073,4,4/4,5,36.6414,35.0425
139,38.9047,1,18.8104,5.9537,7.6550,4.5280,0.6736,12,1.000,0.00074,4,4/4,5,21.8777,32.1705
140,43.9313,1,18.7138,6.0528,7.4933,4.4943,0.6733,12,1.000,0.00074,4,4/4,5,24.7446,36.2997
141,34.1369,1,18.3113,6.0684,7.3104,4.2841,0.6485,12,0.917,0.00074,4,4/4,5,14.3171,30.9895
142,39.6569,1,18.7217,5.9071,7.7861,4.3793,0.6492,12,1.000,0.00074,4,4/4,5,26.2895,29.6906
143,39.8720,1,19.1027,6.5158,7.6192,4.2539,0.7138,11,1.000,0.00075,4,4/4,5,21.9701,33.2730
144,34.7703,1,18.5943,6.0963,7.3848,4.4101,0.7031,11,1.000,0.00075,4,4/4,5,14.6477,31.5344
145,41.6382,1,19.1754,6.3402,7.6547,4.3480,0.8325,11,1.000,0.00075,4,4/4,5,18.9317,37.0855
146,32.8061,1,17.8221,6.0708,6.8525,4.2459,0.6529,11,1.000,0.00076,4,4/4,5,14.0141,29.6621
147,40.2963,1,18.6227,6.0664,7.3288,4.4315,0.7961,10,0.900,0.00076,4,4/4,5,18.4757,35.8112
148,45.1195,1,19.0199,6.2220,7.7067,4.4624,0.6289,10,1.000,0.00076,4,4/4,5,23.5387,38.4928
149,53.1091,1,19.2261,6.0766,8.0112,4.5061,0.6321,10,1.000,0.00076,4,4/4,5,19.7944,49.2825
150,47.7921,1,20.8261,6.5475,7.9649,5.6718,0.6418,9,1.000,0.00077,4,4/4,8,25.0530,40.6992
151,51.5348,1,19.5789,6.3758,7.2087,5.3490,0.6454,10,0.900,0.00077,4,4/4,8,24.3972,45.3940
152,43.1886,1,20.8511,6.2228,8.5638,5.4434,0.6210,11,1.000,0.00076,4,4/4,8,23.7283,36.0863
153,44.0186,1,20.7230,7.0151,8.3265,4.6142,0.7673,11,0.909,0.00076,4,4/4,8,25.9439,35.5605
154,44.1936,1,20.5618,6.2916,8.5207,5.1118,0.6377,10,1.000,0.00076,4,4/4,8,23.4025,37.4886
155,42.3454,1,19.9140,6.2394,8.0427,5.0295,0.6025,10,1.000,0.00075,4,4/4,8,18.9837,37.8517
156,37.8320,1,19.3298,6.1252,8.0290,4.5890,0.5866,10,0.900,0.00075,4,4/4,8,17.0831,33.7554
157,38.0397,1,19.5283,6.4902,7.8039,4.6185,0.6157,10,0.800,0.00075,4,4/4,8,21.3364,31.4925
158,53.3346,1,19.7832,7.1758,7.6326,4.3562,0.6187,10,0.900,0.00074,4,4/4,8,40.3901,34.8313
159,40.6056,1,19.9718,6.4938,8.4279,4.4150,0.6351,10,0.900,0.00074,4,4/4,8,29.4841,27.9195
160,38.9935,1,20.0935,6.2705,8.6455,4.5981,0.5795,10,0.900,0.00074,4,4/4,8,18.5753,34.2849
161,38.4749,1,20.0391,6.3559,8.4106,4.7279,0.5446,10,1.000,0.00073,4,4/4,8,14.1759,35.7682
162,35.2692,1,21.3236,6.4858,9.0733,5.2091,0.5554,10,1.000,0.00073,4,4/4,8,12.9826,32.7928
163,30.6569,1,21.3454,6.2991,9.1611,5.3323,0.5528,10,1.000,0.00072,4,4/4,8,13.7738,27.3884
164,38.1925,1,21.1644,6.2429,9.1968,5.1861,0.5387,10,1.000,0.00072,4,4/4,8,16.9744,34.2131
165,41.0397,1,20.0089,6.5726,8.2602,4.6314,0.5447,10,1.000,0.00072,4,4/4,8,17.8238,36.9671
166,28.3651,1,20.2031,6.4960,8.3906,4.7292,0.5873,10,1.000,0.00071,4,4/4,8,15.0468,24.0452
167,34.9268,1,20.0226,6.4854,8.3668,4.5850,0.5854,10,1.000,0.00071,4,4/4,8,17.3387,30.3192
168,36.0727,1,20.2049,6.9854,8.2165,4.3706,0.6325,10,0.900,0.00071,4,4/4,8,25.4056,25.6084
169,50.9279,1,19.9845,6.3960,8.4147,4.6116,0.5623,10,1.000,0.00071,4,4/4,8,33.4031,38.4432
170,31.0395,1,17.9609,7.2440,6.5923,3.5216,0.6030,10,0.800,0.00071,4,4/4,8,21.9422,21.9543
171,40.8882,1,18.8103,7.0581,7.2211,3.9495,0.5815,10,0.800,0.00071,4,4/4,8,22.0915,34.4066
172,34.9089,1,20.8042,6.9576,8.7115,4.5576,0.5775,10,0.900,0.00071,4,4/4,8,21.3209,27.6414
173,39.8180,1,19.9637,6.2685,8.6038,4.5033,0.5882,9,1.000,0.00071,4,4/4,8,16.2555,36.3487
174,41.6445,1,20.3285,6.2186,8.8093,4.7453,0.5552,9,1.000,0.00071,4,4/4,8,14.4622,39.0526
175,39.6504,1,19.3780,7.1594,7.3756,4.1970,0.6460,9,0.889,0.00071,4,4/4,8,23.2878,32.0911
176,42.1207,1,18.6331,6.3552,7.5002,4.2033,0.5744,9,0.889,0.00070,4,4/4,8,16.0450,38.9449
177,44.1558,1,19.5151,7.7231,7.2795,3.7870,0.7256,9,0.778,0.00070,4,4/4,8,26.3112,35.4606
178,46.4072,1,19.1623,6.1753,8.1443,4.2580,0.5847,9,0.889,0.00070,4,4/4,8,11.2165,45.0313
179,34.5347,1,18.9641,6.0789,7.9209,4.3649,0.5994,9,1.000,0.00070,4,4/4,8,13.5867,31.7497
180,31.6363,1,19.8086,6.1273,8.3984,4.6562,0.6267,9,0.889,0.00070,4,4/4,8,14.3727,28.1830
181,37.8510,1,19.5540,5.8236,8.3731,4.7525,0.6048,9,0.889,0.00070,4,4/4,8,14.5509,34.9424
182,37.6741,1,19.2128,5.7475,8.3719,4.5012,0.5922,9,0.889,0.00070,4,4/4,8,12.1512,35.6608
183,35.1217,1,20.0457,5.3859,9.1089,4.9623,0.5886,8,1.000,0.00070,4,4/4,8,13.8208,32.2881
184,44.8102,1,18.7451,6.1620,7.8778,4.1089,0.5965,9,0.889,0.00070,4,4/4,8,13.9780,42.5743
185,33.5338,1,18.8364,6.0791,8.0683,4.1495,0.5396,9,0.889,0.00071,4,4/4,8,17.3457,28.6991
186,30.0254,1,18.6537,5.9726,7.8188,4.2648,0.5976,9,1.000,0.00071,4,4/4,8,13.6771,26.7294
187,44.9679,1,18.6628,5.4816,8.3140,4.3148,0.5523,9,0.889,0.00072,4,4/4,8,38.7154,22.8743
188,43.7931,1,18.8595,5.7449,8.3652,4.2077,0.5417,9,0.889,0.00072,4,4/4,8,17.8123,40.0069
189,30.5082,1,18.7998,5.5280,8.5609,4.1544,0.5565,9,1.000,0.00073,4,4/4,8,17.6928,24.8539
190,29.9929,1,18.2968,5.6350,8.0705,4.0354,0.5559,9,0.889,0.00074,4,4/4,8,15.9459,25.4028
191,33.1207,1,18.8289,5.6382,8.4549,4.1697,0.5661,9,1.000,0.00075,4,4/4,8,19.3236,26.8994
192,33.1374,1,20.8056,5.5608,10.1463,4.4826,0.6160,9,1.000,0.00076,4,4/4,8,17.7559,27.9788
193,44.4982,1,19.9335,5.8656,9.2270,4.3319,0.5091,9,1.000,0.00078,4,4/4,8,18.9151,40.2779
194,38.1155,1,19.8057,6.0288,8.7962,4.3614,0.6192,8,1.000,0.00079,4,4/4,8,16.1730,34.5141
195,45.4570,1,19.5370,5.9205,8.5736,4.5376,0.5053,8,1.000,0.00080,4,4/4,8,17.5251,41.9429
196,63.2770,1,22.2775,6.2571,10.6742,4.8227,0.5235,6,1.000,0.00080,4,4/4,8,51.7225,36.4522
197,51.0544,1,21.8173,6.1823,10.4761,4.6376,0.5213,6,1.000,0.00081,4,4/4,8,34.0753,38.0187
198,57.0999,1,22.7909,7.3647,10.5293,4.3664,0.5305,6,1.000,0.00081,4,3/4,9,47.1092,32.2665
199,71.8756,1,22.4549,6.6498,10.6055,4.6975,0.5021,6,1.000,0.00081,4,4/4,9,54.5974,46.7464
200,56.5261,1,21.1771,6.4256,10.0051,4.2054,0.5410,7,0.857,0.00081,4,4/4,9,44.5768,34.7577
201,62.1236,1,23.1301,6.3761,11.3887,4.7983,0.5671,7,1.000,0.00080,4,4/4,9,39.4148,48.0189
202,59.7208,1,22.3337,6.0622,11.1028,4.5274,0.6413,7,0.857,0.00079,4,4/4,9,40.5385,43.8544
203,47.3609,1,22.3431,5.1973,11.8146,4.7365,0.5948,7,1.000,0.00079,4,4/4,9,19.9317,42.9626
204,48.4430,1,22.1201,5.5911,11.2366,4.7365,0.5559,8,0.750,0.00078,4,3/4,10,24.4302,41.8317
205,73.0039,1,21.0823,5.8947,10.0553,4.5808,0.5514,8,1.000,0.00077,4,4/4,10,31.5666,65.8264
206,67.7742,1,20.0442,6.4177,8.6091,3.8196,1.1979,8,0.875,0.00076,4,4/4,10,36.8758,56.8641
207,59.7145,1,20.4465,6.1862,9.3453,4.3724,0.5426,8,0.750,0.00076,4,4/4,10,33.7718,49.2472
208,63.0571,1,20.1409,5.7773,9.3890,4.4089,0.5656,8,1.000,0.00075,4,4/4,10,33.7509,53.2642
209,55.3659,1,20.4573,6.1349,9.2588,4.4876,0.5760,8,0.875,0.00075,4,4/4,10,31.5732,45.4810
210,46.2021,1,20.4794,6.1847,9.2542,4.5123,0.5282,9,0.778,0.00075,4,4/4,10,25.9915,38.1979
211,48.6336,1,20.1889,5.5880,8.9928,5.0800,0.5282,9,0.889,0.00074,4,4/4,10,24.6324,41.9341
212,47.1668,1,21.0031,5.5596,9.7384,5.1797,0.5255,9,1.000,0.00074,4,4/4,10,21.8801,41.7848
213,42.8679,1,20.1587,5.9746,8.7144,4.9271,0.5425,9,1.000,0.00073,4,4/4,10,26.4922,33.7019
214,41.5335,1,19.6415,5.3893,8.5410,5.2050,0.5062,10,1.000,0.00073,4,4/4,10,25.2749,32.9577
215,38.1718,1,20.9089,6.0087,9.0050,5.3040,0.5913,10,1.000,0.00072,4,4/4,10,21.0194,31.8633
216,43.5436,1,20.5457,5.7087,9.1273,5.1947,0.5150,10,1.000,0.00072,4,4/4,10,21.6481,37.7810
217,40.2260,1,20.2704,5.6950,8.8753,5.1850,0.5150,10,1.000,0.00072,4,4/4,10,23.7439,32.4709
218,44.6936,1,19.0879,5.5393,7.9806,5.0775,0.4904,10,1.000,0.00071,4,4/4,10,19.6812,40.1268
219,41.8394,1,19.3976,5.7151,8.1513,5.0250,0.5061,12,1.000,0.00071,4,4/4,10,18.7532,37.4012
220,36.3186,1,18.9838,6.3787,7.2541,4.6312,0.7198,13,0.846,0.00071,4,4/4,10,23.5539,27.6451
221,33.9566,1,18.1245,5.7262,7.4352,4.4720,0.4912,13,0.846,0.00070,4,4/4,10,18.2142,28.6582
222,36.4747,1,18.0550,5.9068,7.1024,4.5293,0.5165,13,0.923,0.00070,4,4/4,10,16.0792,32.7393
223,32.7371,1,18.3472,5.7301,7.3614,4.7593,0.4964,14,1.000,0.00070,4,4/4,10,13.4478,29.8476
224,32.7207,1,19.0489,5.8974,7.8143,4.8028,0.5344,15,1.000,0.00070,4,4/4,10,19.1293,26.5465
225,50.4061,1,16.5621,5.8942,5.7920,4.2897,0.5862,14,0.929,0.00069,4,4/4,12,24.4260,44.0924
226,41.1683,1,17.5520,5.5551,6.6069,4.8235,0.5665,14,1.000,0.00070,4,4/4,12,18.8147,36.6174
227,41.6786,1,16.5741,5.9446,5.7574,4.1842,0.6880,15,0.867,0.00070,4,4/4,12,17.9251,37.6271
228,47.5331,1,17.2335,5.7475,6.3608,4.5424,0.5827,15,1.000,0.00070,4,4/4,12,18.6908,43.7041
229,42.8805,1,17.2203,5.9388,6.3447,4.3701,0.5667,15,0.933,0.00070,4,4/4,12,23.1916,36.0678
230,46.9067,1,17.2158,5.8856,6.3242,4.4286,0.5774,15,1.000,0.00070,4,4/4,12,28.7028,37.0998
231,53.0110,1,17.3201,5.8824,6.3810,4.4526,0.6041,15,1.000,0.00070,4,4/4,12,22.5369,47.9818
232,41.8707,1,16.3609,5.8850,5.8182,4.0466,0.6111,15,0.933,0.00070,4,4/4,12,17.6875,37.9514
233,42.9083,1,16.5399,5.9255,5.9462,4.0738,0.5945,15,0.933,0.00070,4,4/4,12,18.3345,38.7939
234,45.9269,1,17.0173,5.9804,6.2506,4.1788,0.6075,14,0.929,0.00070,4,4/4,12,22.5545,40.0072
235,33.7326,1,17.2808,5.5209,6.8365,4.3568,0.5666,14,1.000,0.00070,4,4/4,12,12.6634,31.2654
236,34.2210,1,17.1747,5.5312,6.6715,4.4122,0.5597,14,1.000,0.00070,4,4/4,12,16.3436,30.0659
237,30.7575,1,17.1821,5.6314,6.6647,4.3039,0.5822,14,1.000,0.00070,4,4/4,12,12.3085,28.1874
238,45.2766,1,18.3274,5.7987,7.0421,4.4675,1.0191,14,1.000,0.00070,4,4/4,12,34.2469,29.6162
239,33.8924,1,16.6846,5.5238,6.4029,4.1957,0.5622,14,1.000,0.00070,4,4/4,12,16.9431,29.3534
240,43.8079,1,16.6062,5.6007,6.2590,4.1600,0.5866,14,1.000,0.00070,4,4/4,12,17.8104,40.0240
241,41.0642,1,17.0102,5.4895,6.8461,4.1431,0.5314,13,1.000,0.00070,4,4/4,12,16.2655,37.7055
242,40.9608,1,16.2769,6.0167,5.9136,3.7771,0.5695,13,0.769,0.00069,4,4/4,12,17.7575,36.9115
243,48.4232,1,16.9414,6.0748,6.3662,3.9448,0.5556,13,0.769,0.00069,4,4/4,12,14.5468,46.1865
244,38.1808,1,17.2832,5.2646,6.9624,4.2103,0.8459,13,1.000,0.00070,4,4/4,12,19.8676,32.6044
245,41.5218,1,17.1181,5.3212,7.0918,4.1902,0.5150,13,1.000,0.00070,4,4/4,12,13.6757,39.2050
246,38.3436,1,16.9488,5.3657,6.9887,4.0644,0.5300,13,1.000,0.00070,4,4/4,12,17.9948,33.8589
247,33.1917,1,16.8096,5.5204,6.6659,4.1240,0.4992,13,1.000,0.00070,4,4/4,12,19.3189,26.9902
248,42.5432,1,17.0324,5.5080,6.8168,4.1786,0.5290,13,1.000,0.00070,4,4/4,12,31.8782,28.1728
249,41.1214,1,17.2223,5.1605,7.2071,4.3298,0.5249,13,1.000,0.00070,4,4/4,12,31.5019,26.4311
250,38.4419,1,16.9511,5.2468,6.7973,4.3646,0.5424,14,1.000,0.00070,4,4/4,12,25.6879,28.5991
251,38.1527,1,16.0666,5.0402,6.3703,4.1412,0.5149,14,1.000,0.00069,4,4/4,12,13.0335,35.8574
252,38.3617,1,16.0501,4.9315,6.3022,4.2805,0.5358,14,1.000,0.00069,4,4/4,12,12.8816,36.1343
253,36.0982,1,16.1638,4.9879,6.3646,4.2534,0.5579,14,0.929,0.00070,4,4/4,12,12.6378,33.8137
254,42.4960,1,15.8896,4.9103,6.4448,4.0137,0.5208,14,1.000,0.00070,4,4/4,12,13.4450,40.3130
255,33.4846,1,16.5912,5.1246,6.6841,4.2503,0.5322,14,1.000,0.00071,4,4/4,12,14.2432,30.3042
256,38.0830,1,16.8732,5.5929,6.5530,4.0166,0.7107,15,0.867,0.00072,4,4/4,12,16.9966,34.0798
257,37.9399,1,16.3005,5.3108,6.4677,4.0142,0.5078,15,0.867,0.00072,4,4/4,12,22.0702,30.8601
258,47.6793,1,16.4252,5.4611,6.2832,4.1472,0.5338,14,0.929,0.00073,4,4/4,12,16.7818,44.6284
259,51.9905,1,16.6651,5.1869,6.8032,4.2041,0.4708,13,1.000,0.00073,4,4/4,12,12.0280,50.5801
260,46.6844,1,17.7467,5.7136,6.9972,4.5005,0.5354,13,1.000,0.00074,4,4/4,12,22.4239,40.9464
261,51.8216,1,16.7596,5.2564,6.8078,4.1924,0.5030,11,1.000,0.00075,4,4/4,13,30.2103,42.1048
262,43.8041,1,17.8938,5.2416,7.6506,4.4481,0.5535,11,1.000,0.00075,4,4/4,13,26.6483,34.7659
263,49.6369,1,18.4637,5.5525,7.8064,4.2355,0.8694,11,1.000,0.00076,4,4/4,13,25.7828,42.4154
264,44.8951,1,18.0493,5.6865,7.4407,4.3682,0.5539,11,1.000,0.00077,4,4/4,13,19.5719,40.4043
265,44.8169,1,18.1753,6.0435,7.2547,3.9893,0.8879,10,1.000,0.00077,4,4/4,13,29.7015,33.5615
266,41.5466,1,17.4209,4.9837,7.5107,4.4187,0.5078,10,1.000,0.00078,4,4/4,13,18.1129,37.3904
267,51.8027,1,18.3126,5.8211,7.4127,4.3121,0.7667,10,1.000,0.00078,4,4/4,13,20.1698,47.7147
268,40.6893,1,17.0543,5.2429,7.0257,4.2397,0.5460,10,1.000,0.00079,4,4/4,13,26.8292,30.5911
269,42.3672,1,17.4357,5.3536,7.2194,4.3485,0.5143,10,1.000,0.00079,4,4/4,13,22.7312,35.7529
270,45.0730,1,17.9312,5.2690,7.7596,4.3916,0.5110,10,1.000,0.00079,4,4/4,13,22.3257,39.1553
271,48.4279,1,18.9133,5.3501,8.3629,4.6745,0.5258,10,1.000,0.00080,4,4/4,13,27.8009,39.6531
272,41.7628,1,17.7854,5.5888,7.4154,4.2579,0.5233,11,0.909,0.00079,4,4/4,13,27.7596,31.2015
273,46.8646,1,19.7787,5.2448,8.8402,5.1194,0.5742,8,1.000,0.00079,4,3/4,14,23.6472,40.4611
274,55.7906,1,18.2856,5.0082,8.2679,4.4708,0.5387,8,1.000,0.00078,4,4/4,14,25.7793,49.4774
275,47.0809,1,18.4461,5.2397,8.1569,4.4802,0.5693,8,1.000,0.00078,4,4/4,14,28.4838,37.4871
276,43.9881,1,18.5155,6.1948,7.8119,3.9214,0.5874,8,0.875,0.00077,4,4/4,14,29.4741,32.6532
277,46.6715,1,18.4587,5.1057,8.2709,4.5327,0.5494,8,1.000,0.00077,4,4/4,14,21.2739,41.5410
278,50.3057,1,19.1757,5.1682,9.0380,4.4163,0.5532,8,1.000,0.00077,4,4/4,14,22.7915,44.8465
279,56.8610,1,19.1340,5.0553,9.0743,4.4460,0.5584,7,1.000,0.00076,4,3/4,15,32.9208,46.3615
280,61.6447,1,18.2460,6.4759,7.7700,3.3846,0.6154,7,0.714,0.00076,4,4/4,15,48.6375,37.8744
281,61.3702,1,19.3327,5.6541,8.3883,4.7054,0.5849,7,0.857,0.00075,4,4/4,15,28.4465,54.3792
282,52.5241,1,19.0093,4.9009,8.5278,5.0330,0.5476,7,1.000,0.00075,4,4/4,15,27.4191,44.7993
283,55.5625,1,20.1163,6.6346,8.3953,4.4617,0.6248,7,0.714,0.00074,4,4/4,15,37.3829,41.1061
284,61.8237,1,16.8125,5.3359,6.8558,4.1051,0.5156,6,1.000,0.00074,4,4/4,15,26.4900,55.8610
285,61.6297,1,17.2565,5.0531,7.4305,4.2609,0.5119,6,1.000,0.00074,4,4/4,15,22.9965,57.1785
286,50.9016,1,19.2810,5.5859,8.7625,4.4338,0.4987,6,1.000,0.00073,4,4/4,15,25.4480,44.0837
287,70.6652,1,18.3251,6.3264,7.5744,3.8737,0.5506,6,0.667,0.00073,4,4/4,15,40.7563,57.7278
288,65.0259,1,17.5265,7.1164,6.5463,3.2527,0.6111,6,0.667,0.00073,4,4/4,15,41.3000,50.2262
289,69.5944,1,16.1775,6.8362,5.8323,2.9349,0.5740,6,0.833,0.00072,4,4/4,15,57.5208,39.1757
290,55.7106,1,18.3749,5.8940,7.9283,4.0497,0.5030,6,1.000,0.00072,4,4/4,15,30.6111,46.5471
291,59.3579,1,17.9805,6.4838,7.2371,3.6934,0.5662,6,0.833,0.00071,4,4/4,15,37.1722,46.2773
292,63.2244,1,17.0550,5.3872,7.0778,4.0844,0.5057,6,1.000,0.00070,4,4/4,15,34.2273,53.1584
293,71.2791,1,18.1347,5.5829,7.6470,4.4137,0.4910,6,1.000,0.00069,4,4/4,15,42.4605,57.2522
294,64.4098,1,17.4730,5.4199,6.9712,4.6316,0.4502,7,1.000,0.00069,4,4/4,15,36.7189,52.9183
295,85.1941,1,18.6057,6.0359,7.5521,4.5179,0.4998,7,1.000,0.00069,4,4/4,15,29.0757,80.0789
296,63.7733,1,17.0602,6.0353,6.4053,4.1487,0.4709,7,0.714,0.00068,4,4/4,15,35.6932,52.8491
297,56.1062,1,16.0971,5.6078,5.8878,4.1287,0.4727,6,1.000,0.00068,4,4/4,15,26.1150,49.6580
298,53.4190,1,16.3348,5.7974,5.6942,4.3646,0.4786,6,1.000,0.00068,4,4/4,15,25.5902,46.8906
299,68.7615,1,16.1161,5.7546,5.7873,4.0919,0.4821,6,1.000,0.00068,4,4/4,15,45.0637,51.9366
300,82.8177,1,17.8691,5.6448,7.5889,4.1511,0.4844,5,1.000,0.00069,4,4/4,17,45.7256,69.0502
301,60.6042,1,19.0463,5.5084,8.3488,4.4630,0.7261,5,1.000,0.00069,4,4/4,17,33.5627,50.4620
302,67.8483,1,19.4901,5.1350,9.1759,4.6354,0.5438,5,1.000,0.00069,4,4/4,17,34.3750,58.4958
303,52.6869,1,19.9677,5.2957,9.5619,4.6242,0.4858,5,1.000,0.00069,4,4/4,17,27.2077,45.1182
304,77.7259,1,19.5077,6.2771,8.4181,4.1293,0.6832,5,0.800,0.00068,4,4/4,17,56.9505,52.8957
305,68.1383,1,19.7678,5.6791,8.9370,4.3818,0.7699,5,1.000,0.00069,4,4/4,17,42.9884,52.8661
306,52.5124,1,18.5706,4.9301,8.7031,4.3949,0.5425,5,1.000,0.00069,4,4/4,17,25.2991,46.0164
307,57.7070,1,16.9269,5.5389,6.8099,4.0565,0.5215,5,1.000,0.00070,4,4/4,17,32.6843,47.5588
308,76.3704,1,19.4020,5.9051,8.2578,4.6289,0.6102,5,1.000,0.00071,4,4/4,17,39.8520,65.1480
309,75.8534,1,19.5070,5.0107,9.3254,4.6381,0.5328,5,1.000,0.00071,4,4/4,17,36.8126,66.3217
310,86.5901,1,19.9066,6.2443,8.8266,4.0868,0.7489,5,0.800,0.00071,4,4/4,17,39.6304,76.9889
311,71.2362,1,18.9616,6.0550,8.5056,3.8531,0.5479,5,0.800,0.00071,4,4/4,17,35.6064,61.6991
312,59.5178,1,18.6249,7.5428,7.0029,3.2422,0.8370,7,0.857,0.00070,4,4/4,17,43.2609,40.8761
313,46.3816,1,18.2975,5.4889,8.1156,4.1945,0.4985,7,1.000,0.00070,4,4/4,17,25.5686,38.6976
314,52.4773,1,17.3826,5.4200,6.9405,4.4841,0.5380,11,1.000,0.00069,4,3/4,18,30.1520,42.9502
315,57.9251,1,17.8122,5.4396,7.3007,4.4881,0.5837,11,1.000,0.00069,4,3/4,19,20.8578,54.0395
316,61.1624,1,18.0106,5.5997,7.3061,4.5513,0.5535,11,1.000,0.00069,4,4/4,19,28.9879,53.8566
317,65.4165,1,17.6309,5.5978,7.0739,4.3906,0.5687,11,1.000,0.00068,4,4/4,19,27.8990,59.1689
318,61.6202,1,18.0216,6.8681,6.4071,3.9250,0.8213,11,0.818,0.00068,4,4/4,19,28.3672,54.7024
319,67.1268,1,19.7320,6.1413,7.9812,5.0164,0.5931,11,0.909,0.00068,4,4/4,19,22.7096,63.1686
320,52.4598,1,19.0114,5.4681,7.9838,4.9890,0.5704,11,1.000,0.00068,4,4/4,19,26.7361,45.1355
321,53.7776,1,18.6077,5.6873,7.5601,4.8047,0.5556,11,1.000,0.00067,4,4/4,19,22.6731,48.7643
322,52.2511,1,17.2323,6.4181,6.4106,3.7649,0.6386,11,0.727,0.00067,4,4/4,19,38.6957,35.1115
323,39.6643,1,18.4892,6.1376,7.1427,4.6610,0.5480,12,0.917,0.00066,4,4/4,19,21.6355,33.2439
324,36.0498,1,17.6716,5.9895,6.5287,4.5933,0.5601,12,0.917,0.00066,4,4/4,19,21.0926,29.2351
325,39.8612,1,18.1230,6.4071,6.4997,4.5035,0.7128,12,0.833,0.00065,4,4/4,19,23.3825,32.2827
326,40.8735,1,18.3051,5.8505,6.7929,5.0174,0.6442,12,0.917,0.00064,4,4/4,19,21.7033,34.6354
327,36.8292,1,18.5737,5.8016,7.0079,5.0539,0.7103,12,0.917,0.00063,4,4/4,19,17.8179,32.2322
328,42.7063,1,15.9564,5.0213,6.0887,4.2891,0.5573,12,0.917,0.00062,4,4/4,19,22.2101,36.4765
329,42.4728,1,16.8756,5.2235,6.4878,4.6031,0.5613,12,1.000,0.00062,4,4/4,19,19.7353,37.6093
330,41.3264,1,16.2804,4.9433,6.3849,4.4319,0.5203,11,1.000,0.00061,4,4/4,19,31.5397,26.7042
331,46.9474,1,15.2814,4.5152,5.8540,4.3827,0.5296,11,1.000,0.00061,4,4/4,19,18.5602,43.1228
332,36.0656,1,15.9826,5.0445,5.9538,4.3898,0.5945,12,0.917,0.00061,4,4/4,19,20.1117,29.9374
333,34.8697,1,15.1805,5.2393,5.3435,3.9147,0.6830,12,0.917,0.00061,4,4/4,19,14.1469,31.8710
334,40.8065,1,15.8612,4.8677,6.1874,4.2738,0.5324,12,1.000,0.00061,4,4/4,19,19.0756,36.0734
335,47.9149,1,16.6426,4.8809,6.6244,4.5285,0.6088,12,1.000,0.00060,4,4/4,19,18.6494,44.1365
336,50.1690,1,16.5065,4.5332,6.8418,4.6192,0.5124,12,1.000,0.00061,4,4/4,19,28.1269,41.5428
337,45.8020,1,15.5709,4.3533,6.2548,4.4449,0.5179,12,1.000,0.00061,4,4/4,19,15.1242,43.2328
338,49.3041,1,15.1555,4.3147,5.9230,4.3275,0.5902,12,1.000,0.00061,4,4/4,19,18.8007,45.5788
339,52.2935,1,15.4475,4.5745,5.8904,4.4641,0.5184,13,1.000,0.00061,4,4/4,19,16.5383,49.6094
340,49.0260,1,16.2324,4.7931,6.2640,4.6134,0.5619,14,1.000,0.00061,4,4/4,19,24.2004,42.6367
341,46.4758,1,16.4213,4.5974,6.6583,4.6446,0.5211,14,1.000,0.00062,4,4/4,19,23.9109,39.8531
342,37.2593,1,15.4876,4.4194,6.1354,4.4206,0.5121,14,1.000,0.00062,4,4/4,19,16.3507,33.4800
343,36.5695,1,16.8102,4.4738,7.2069,4.6331,0.4964,15,1.000,0.00062,4,4/4,19,18.0110,31.8266
344,39.1909,1,15.3523,4.3378,6.1965,4.3034,0.5147,15,1.000,0.00062,4,4/4,19,16.4048,35.5923
345,42.1645,1,15.5895,4.2714,6.3793,4.4418,0.4971,15,1.000,0.00061,4,4/4,19,18.1140,38.0753
346,35.8812,1,16.6901,5.2901,6.5017,4.2984,0.5998,15,0.933,0.00061,4,4/4,19,22.1971,28.1913
347,36.9025,1,17.2249,4.9297,7.1168,4.5628,0.6157,15,1.000,0.00061,4,4/4,19,20.1001,30.9481
348,38.5056,1,17.0907,4.5393,7.5532,4.4121,0.5861,14,0.929,0.00060,4,3/4,20,19.6410,33.1196
349,38.6317,1,16.4036,4.9494,6.7475,4.1167,0.5900,14,0.857,0.00060,4,4/4,20,18.4275,33.9535
350,45.2873,1,16.9578,4.3686,7.5077,4.5152,0.5664,14,0.929,0.00060,4,4/4,20,25.0758,37.7114
351,40.5369,1,17.3373,4.7866,7.3151,4.5723,0.6633,14,0.929,0.00059,4,4/4,20,23.7322,32.8638
352,45.3477,1,16.8372,4.4872,7.2739,4.4745,0.6016,14,1.000,0.00059,4,4/4,20,27.5982,35.9828
353,32.6428,1,15.7294,4.4187,6.2722,4.4303,0.6082,14,1.000,0.00058,4,4/4,20,21.6667,24.4152
354,67.5809,1,16.2884,4.5280,6.6205,4.5663,0.5736,13,0.923,0.00058,4,4/4,20,52.5774,42.4594
355,71.0693,1,15.6813,4.2817,6.3760,4.4472,0.5764,13,0.923,0.00058,4,4/4,20,60.6000,37.1279
356,45.3586,1,17.0674,4.7415,6.9039,4.7514,0.6706,13,1.000,0.00058,4,4/4,20,35.5436,28.1790
357,34.6048,1,16.2673,4.5416,6.4920,4.6144,0.6193,13,0.923,0.00057,4,4/4,20,21.3731,27.2155
358,31.8473,1,16.7361,4.3554,6.8566,4.9758,0.5482,13,1.000,0.00057,4,4/4,20,21.4545,23.5362
359,40.1743,1,16.3777,4.3583,6.7353,4.6970,0.5870,13,1.000,0.00057,4,4/4,20,30.5829,26.0511
360,47.6793,1,16.3976,4.5808,6.4316,4.7952,0.5900,13,1.000,0.00057,4,4/4,20,29.6946,37.3035
361,46.1567,1,15.8019,4.2258,6.2368,4.7820,0.5572,13,1.000,0.00057,4,4/4,20,28.2712,36.4853
362,45.2737,1,16.5198,4.6295,6.5622,4.7244,0.6036,13,1.000,0.00057,4,4/4,20,25.7017,37.2711
363,42.9288,1,16.8393,5.0213,6.4615,4.6916,0.6649,14,1.000,0.00057,4,4/4,20,26.5942,33.6991
364,40.7971,1,15.4329,4.1953,6.1111,4.5449,0.5816,13,0.923,0.00057,4,4/4,20,23.6741,33.2256
365,48.0747,1,15.8850,4.2415,6.2796,4.8315,0.5323,13,1.000,0.00057,4,4/4,20,25.6145,40.6826
366,51.8966,1,16.6371,4.9798,6.2735,4.8217,0.5620,13,1.000,0.00057,4,4/4,20,34.2199,39.0161
367,39.8341,1,15.6915,4.9307,5.5739,4.5976,0.5894,13,0.923,0.00057,4,4/4,20,28.1981,28.1358
368,56.3916,1,15.4216,4.8966,5.5122,4.4353,0.5776,13,0.923,0.00057,4,4/4,20,37.3387,42.2591
369,63.9032,1,16.5903,4.7073,6.7607,4.6084,0.5139,14,1.000,0.00057,4,4/4,20,50.4399,39.2356
370,42.2632,1,16.4752,4.4986,6.7834,4.6949,0.4984,13,1.000,0.00057,4,4/4,21,25.2866,33.8640
371,39.7986,1,16.5954,4.4009,7.0107,4.7062,0.4776,13,1.000,0.00057,4,4/4,21,22.8695,32.5717
372,46.9485,1,17.3176,4.8342,7.2762,4.6120,0.5951,13,1.000,0.00056,4,4/4,21,31.8202,34.5201
373,42.3266,1,16.3232,4.6211,6.5517,4.6194,0.5310,13,1.000,0.00056,4,4/4,21,29.1714,30.6687
374,47.5548,1,16.8556,4.4161,7.3368,4.4312,0.6715,12,1.000,0.00056,4,4/4,21,29.0253,37.6694
375,41.5953,1,16.3640,3.9198,7.2693,4.6440,0.5308,12,1.000,0.00057,4,4/4,21,29.0937,29.7274
376,49.0681,1,16.5953,4.2363,7.1350,4.6803,0.5437,12,1.000,0.00057,4,4/4,21,32.9033,36.4013
377,40.7361,1,16.9086,4.3116,7.3138,4.6459,0.6373,13,1.000,0.00057,4,3/4,22,22.9291,33.6703
378,41.4200,1,17.6820,4.8341,7.5899,4.5019,0.7561,13,0.923,0.00057,4,4/4,22,26.3882,31.9261
379,38.1706,1,16.8214,5.4281,6.3721,4.3691,0.6521,14,0.857,0.00057,4,4/4,22,26.8744,27.1065
380,33.4904,1,16.5802,5.3882,6.4596,4.1371,0.5953,14,0.857,0.00057,4,4/4,22,23.3064,24.0502
381,35.9515,1,17.0452,4.6170,7.2312,4.5874,0.6096,14,0.929,0.00057,4,4/4,22,24.3895,26.4132
382,37.7572,1,16.5673,5.5662,6.2347,3.9721,0.7944,14,0.714,0.00057,4,4/4,22,27.1087,26.2817
383,30.6468,1,16.7053,4.8716,7.0602,4.2619,0.5116,14,0.929,0.00056,4,4/4,22,18.8415,24.1708
384,30.5823,1,16.4652,4.1522,7.2688,4.5379,0.5063,13,1.000,0.00056,4,4/4,22,19.0991,23.8852
385,37.9110,1,16.2322,5.3278,6.0584,4.3100,0.5361,13,0.923,0.00056,4,4/4,22,27.3018,26.3032
386,46.6500,1,15.4852,4.7431,5.5149,4.7157,0.5114,12,1.000,0.00056,4,4/4,22,36.2265,29.3916
387,45.6265,1,14.4323,4.5411,4.9250,4.4855,0.4807,12,1.000,0.00055,4,4/4,22,34.8455,29.4545
388,43.5614,1,13.9565,4.3092,4.6693,4.4968,0.4811,12,1.000,0.00055,4,4/4,22,30.1723,31.4201
389,41.6502,1,15.2865,4.5999,5.6268,4.4442,0.6157,10,1.000,0.00056,4,3/4,23,25.0661,33.2630
390,52.9013,1,18.6583,6.1649,7.7696,4.0394,0.6845,8,1.000,0.00056,4,3/4,24,25.4460,46.3794
391,71.3050,1,19.3737,5.9423,8.4856,4.3162,0.6296,8,0.875,0.00056,4,4/4,24,41.7812,57.7818
392,66.4923,1,17.7991,5.8340,7.2139,4.1648,0.5863,8,0.875,0.00056,4,4/4,24,41.2563,52.1455
393,59.2870,1,17.0597,4.8303,7.5229,4.1232,0.5832,8,0.875,0.00056,4,4/4,24,30.9570,50.5629
394,58.4890,1,15.6688,5.3629,6.0566,3.6988,0.5505,7,0.857,0.00055,4,4/4,24,36.6469,45.5847
395,58.2087,1,17.0159,5.3666,7.0428,4.0239,0.5825,7,0.857,0.00055,4,4/4,24,38.6564,43.5194
396,54.9696,1,15.5516,5.3492,5.7778,3.8648,0.5597,7,0.857,0.00055,4,4/4,24,39.0784,38.6592
397,49.9965,1,15.7132,5.2223,6.0210,3.9193,0.5506,7,0.857,0.00054,4,4/4,24,35.8302,34.8689
398,54.6539,1,14.6510,4.8962,5.4717,3.6533,0.6298,7,0.857,0.00054,4,4/4,24,32.3422,44.0571
399,46.7812,1,15.3243,4.5333,6.1686,4.0752,0.5473,7,0.857,0.00053,4,4/4,24,28.0704,37.4237
400,55.4751,1,15.8284,4.2754,6.8631,4.1742,0.5156,7,1.000,0.00053,4,4/4,24,27.7180,48.0542
401,45.7842,1,16.5799,4.1306,7.6811,4.2802,0.4880,7,1.000,0.00052,4,4/4,24,22.5798,39.8290
402,48.1545,1,16.1660,4.1030,7.6819,3.8635,0.5176,7,1.000,0.00053,4,4/4,24,21.7172,42.9793
403,51.5999,1,17.0506,4.5309,7.5940,4.4024,0.5232,7,1.000,0.00053,4,4/4,24,27.1089,43.9051
404,58.2343,1,17.3025,4.8108,7.7095,4.2763,0.5058,7,1.000,0.00053,4,4/4,24,35.4729,46.1834
405,46.7480,1,17.5073,4.0973,8.0615,4.8702,0.4783,7,1.000,0.00054,4,4/4,24,23.0865,40.6496
406,54.9750,1,17.1866,4.1758,7.6108,4.9157,0.4842,7,1.000,0.00054,4,4/4,24,29.6597,46.2877
407,57.5416,1,16.4993,4.4755,7.1609,4.2415,0.6213,7,1.000,0.00055,4,4/4,24,24.9333,51.8591
408,94.5276,1,18.0555,4.1254,8.7150,4.7050,0.5101,7,1.000,0.00056,4,4/4,24,32.1944,88.8763
409,66.2014,1,17.3181,4.4241,8.0913,4.3163,0.4866,6,1.000,0.00057,4,4/4,24,29.4767,59.2769
410,58.5557,1,16.5087,4.1319,7.9182,4.0048,0.4538,6,1.000,0.00058,4,4/4,24,27.7994,51.5360
411,61.8330,1,17.6827,4.1890,8.9160,4.1372,0.4405,6,1.000,0.00058,4,4/4,24,25.0577,56.5281
412,51.3780,1,17.0213,4.5256,8.1724,3.8912,0.4320,6,0.833,0.00059,4,4/4,24,22.3967,46.2394
413,46.8276,1,14.7178,5.5174,5.4246,3.3231,0.4527,7,0.857,0.00059,4,4/4,24,30.0344,35.9271
414,53.6049,1,15.2635,5.8524,5.7373,3.2149,0.4588,7,0.857,0.00059,4,4/4,24,38.1615,37.6455
415,58.8266,1,16.6045,5.6216,6.5105,4.0293,0.4431,8,0.875,0.00059,4,4/4,24,42.6525,40.5134
416,78.2755,1,17.5989,5.9990,6.8848,4.2589,0.4562,8,0.875,0.00059,4,4/4,24,66.1139,41.9048
417,50.7247,1,19.9470,5.9309,8.6299,4.8341,0.5521,7,1.000,0.00059,4,4/4,24,33.4698,38.1151
418,58.7846,1,18.7741,5.7301,8.0685,4.4580,0.5175,7,1.000,0.00060,4,4/4,24,33.3291,48.4231
419,72.9123,1,19.6704,6.5441,8.3129,4.2698,0.5437,7,1.000,0.00060,4,4/4,24,60.7277,40.3529
420,57.6276,1,20.5587,5.8296,9.0761,5.1893,0.4638,8,0.875,0.00061,4,4/4,24,34.0842,46.4673
421,65.6419,1,23.2954,5.9359,10.3818,6.5065,0.4712,9,1.000,0.00062,4,4/4,24,45.2961,47.5092
422,60.1875,1,19.6669,6.2548,8.3080,4.6177,0.4864,9,0.667,0.00063,4,4/4,24,43.2082,41.8997
423,63.6139,1,18.9724,4.5491,8.3949,5.5501,0.4783,9,1.000,0.00063,4,4/4,24,45.7747,44.1747
424,53.9535,1,16.5513,5.9066,6.4762,3.6661,0.5025,9,0.778,0.00063,4,4/4,24,38.9996,37.2829
425,58.9215,1,16.1551,5.1215,6.4480,4.1215,0.4641,9,1.000,0.00063,4,4/4,24,38.9947,44.1718
426,56.7433,1,16.5993,5.3289,6.3034,4.4873,0.4797,9,1.000,0.00063,4,4/4,24,37.4078,42.6668
427,36.3016,1,15.3131,5.3298,5.3100,4.2089,0.4644,10,0.900,0.00064,4,4/4,24,23.1479,27.9639
428,41.7133,1,15.5226,5.2788,5.7393,4.0398,0.4646,10,0.900,0.00066,4,4/4,24,22.5886,35.0679
429,44.9631,1,14.7518,5.3543,5.2429,3.7154,0.4392,10,0.800,0.00067,4,4/4,24,27.1091,35.8716
430,52.0210,1,15.1244,5.2456,5.4076,4.0105,0.4606,10,0.900,0.00067,4,4/4,24,29.8678,42.5922
431,33.4180,1,14.9269,4.7750,5.4881,4.1663,0.4974,10,0.900,0.00067,4,4/4,24,19.3992,27.2110
432,35.7068,1,14.3779,4.6171,5.3177,3.9893,0.4538,10,0.900,0.00067,4,4/4,24,18.0669,30.7987
433,43.0335,1,15.9100,4.9015,6.1445,4.4175,0.4465,10,1.000,0.00067,4,4/4,24,22.2614,36.8282
434,61.0914,1,14.9215,4.8310,5.4084,4.2035,0.4787,9,1.000,0.00067,4,4/4,24,32.3769,51.8063
435,55.2696,1,15.9194,5.8105,5.4202,4.2084,0.4804,10,1.000,0.00067,4,4/4,24,44.1354,33.2686
436,39.4371,1,16.1129,5.1559,5.6904,4.7967,0.4699,10,1.000,0.00067,4,4/4,24,23.4874,31.6801
437,43.6322,1,15.9854,4.7351,5.7590,4.9792,0.5121,10,1.000,0.00066,4,4/4,24,31.8795,29.7903
438,50.1200,1,15.1603,4.3764,5.5616,4.7830,0.4393,10,1.000,0.00066,4,4/4,24,35.0718,35.8048
439,47.8349,1,15.1238,4.4532,5.5912,4.6104,0.4689,10,1.000,0.00065,4,4/4,24,35.2053,32.3846
440,40.2300,1,15.0618,4.4908,5.6119,4.4726,0.4865,10,1.000,0.00064,4,4/4,24,21.1908,34.1965
441,34.4947,1,14.9404,4.3162,5.6559,4.5248,0.4435,10,1.000,0.00064,4,4/4,24,19.7946,28.2499
442,36.6852,1,14.2055,4.1749,5.0653,4.4947,0.4707,10,1.000,0.00063,4,4/4,24,22.0860,29.2919
443,45.9394,1,14.6992,4.1663,5.3691,4.5326,0.6313,10,1.000,0.00063,4,4/4,24,28.3471,36.1507
444,86.8557,1,15.0790,5.2325,4.9410,4.3629,0.5427,10,1.000,0.00064,4,4/4,24,74.6735,44.3596
445,51.9442,1,14.4223,4.8272,5.0549,3.9881,0.5521,8,0.875,0.00064,4,4/4,25,28.6019,43.3604
446,52.8637,1,15.0648,4.5330,5.4278,4.5984,0.5056,8,1.000,0.00063,4,4/4,25,27.1840,45.3387
447,56.5975,1,15.5335,4.4113,5.9609,4.6687,0.4925,8,1.000,0.00063,4,4/4,25,24.2135,51.1565
448,51.9623,1,15.7295,4.5091,6.0438,4.7075,0.4691,8,1.000,0.00062,4,4/4,25,19.4088,48.2014
449,46.0521,1,15.9777,4.6760,5.9615,4.7134,0.6269,8,1.000,0.00061,4,4/4,25,24.0083,39.2988
450,45.4909,1,16.1275,4.6181,6.3012,4.7319,0.4762,8,1.000,0.00060,4,4/4,25,23.8835,38.7169
451,56.2251,1,15.2241,4.1461,6.0037,4.6022,0.4720,8,1.000,0.00059,4,4/4,25,24.9487,50.3868
452,52.6729,1,15.2397,4.4441,5.6259,4.6559,0.5138,11,1.000,0.00059,4,3/4,26,21.1360,48.2463
453,38.7356,1,15.2616,4.1959,5.9094,4.6994,0.4569,12,1.000,0.00059,4,4/4,26,17.0314,34.7905
454,43.1663,1,15.1552,4.3168,5.8694,4.4578,0.5112,12,1.000,0.00059,4,4/4,26,29.2766,31.7209
455,46.6934,1,15.3828,4.6404,5.7747,4.4903,0.4775,12,1.000,0.00058,4,4/4,26,31.8284,34.1647
456,48.4646,1,13.8281,4.5413,4.9179,3.9165,0.4524,12,0.917,0.00057,4,4/4,26,37.6821,30.4775
457,49.5760,1,14.3732,4.6852,5.1325,4.0926,0.4628,12,0.917,0.00057,4,4/4,26,36.2905,33.7753
458,56.1139,1,14.1105,4.2644,5.2397,4.1653,0.4410,12,0.917,0.00057,4,4/4,26,23.2324,51.0786
459,42.1969,1,14.9822,4.9953,5.1296,4.3335,0.5239,13,0.923,0.00057,4,4/4,26,24.1226,34.6219
460,43.4283,1,14.7522,4.5026,5.4002,4.3806,0.4688,13,0.923,0.00057,4,4/4,26,18.1618,39.4483
461,53.0315,1,15.0064,3.7940,6.1546,4.6591,0.3986,12,1.000,0.00057,4,4/4,26,29.7095,43.9282
462,56.4728,1,14.7905,3.9833,5.7750,4.5951,0.4372,12,1.000,0.00057,4,4/4,26,27.8398,49.1337
463,55.4965,1,14.3875,4.4297,5.3694,4.1115,0.4769,12,0.750,0.00057,4,4/4,26,25.3293,49.3791
464,48.4013,1,16.1955,4.3968,6.2914,5.0048,0.5024,10,1.000,0.00056,4,3/4,27,21.8693,43.1789
465,49.8527,1,16.9951,4.6892,6.7864,4.9388,0.5807,11,1.000,0.00055,4,3/4,28,26.4132,42.2804
466,51.8599,1,15.5947,4.2819,6.0553,4.7197,0.5379,12,1.000,0.00054,4,4/4,28,32.3323,40.5472
467,40.7257,1,15.2004,4.0017,5.8539,4.7987,0.5461,12,1.000,0.00053,4,4/4,28,22.4681,33.9671
468,46.0457,1,15.2988,4.1597,5.7740,4.8128,0.5522,12,1.000,0.00053,4,4/4,28,20.3634,41.2981
469,38.1195,1,15.5638,4.0654,6.1877,4.8238,0.4870,11,1.000,0.00052,4,4/4,28,17.9897,33.6075
470,43.7428,1,15.2085,4.2345,5.7644,4.7338,0.4758,11,1.000,0.00051,4,4/4,28,21.2825,38.2163
471,48.7319,1,16.6799,4.4184,6.5040,4.8795,0.8780,11,1.000,0.00051,4,4/4,28,25.1541,41.7381
472,41.5213,1,16.6191,4.5568,6.8014,4.7167,0.5443,11,1.000,0.00051,4,4/4,28,26.8176,31.6992
473,35.4338,1,15.2312,4.0643,6.0074,4.6739,0.4857,11,1.000,0.00051,4,4/4,28,19.2287,29.7626
474,48.5358,1,15.7500,3.9891,6.5494,4.7055,0.5060,11,1.000,0.00051,4,4/4,28,30.4690,37.7805
475,42.3358,1,14.7334,3.9139,5.6511,4.6835,0.4849,10,1.000,0.00051,4,4/4,28,14.7930,39.6672
476,31.4716,1,14.3168,3.9130,5.4270,4.5087,0.4681,10,1.000,0.00050,4,4/4,28,15.9082,27.1549
477,33.9953,1,14.6917,3.7907,5.8288,4.5914,0.4808,10,1.000,0.00050,4,4/4,28,18.2340,28.6915
478,37.0260,1,14.9705,3.8116,5.9787,4.6792,0.5011,10,1.000,0.00049,4,4/4,28,18.2125,32.2370
479,50.4764,1,14.5757,3.8383,5.6702,4.5811,0.4861,10,1.000,0.00049,4,4/4,28,18.1482,47.1010
480,45.2612,1,14.0526,4.7214,4.8734,3.9379,0.5199,10,0.900,0.00049,4,4/4,28,24.9863,37.7394
481,52.8327,1,15.1918,4.1674,5.9436,4.6060,0.4749,10,1.000,0.00048,4,4/4,28,32.9489,41.2996
482,50.3338,1,13.4053,3.8356,4.9590,4.1399,0.4709,10,0.900,0.00048,4,4/4,28,19.7390,46.3019
483,38.4817,1,13.6578,5.3095,4.3336,3.5415,0.4732,10,0.800,0.00047,4,4/4,28,21.0548,32.2108
484,41.7613,1,13.4650,4.1291,4.8165,4.0703,0.4491,10,0.900,0.00047,4,4/4,28,16.4464,38.3864
485,40.3137,1,13.8159,4.1243,5.0859,4.1392,0.4666,10,0.900,0.00046,4,4/4,28,14.3567,37.6706
486,41.7863,1,16.4237,5.3345,6.1596,4.4424,0.4871,10,0.900,0.00045,4,3/4,29,19.1037,37.1637
487,47.6794,1,15.4425,5.2388,5.6844,4.0392,0.4801,9,0.889,0.00044,4,4/4,29,20.0573,43.2554
488,54.2754,1,16.1192,5.3543,5.9934,4.2778,0.4937,9,0.889,0.00042,4,4/4,29,23.7315,48.8122
489,39.6659,1,15.4933,4.8562,5.8489,4.3020,0.4862,9,0.889,0.00041,4,4/4,29,21.8807,33.0850
490,47.4850,1,15.0882,4.9848,5.4201,4.1802,0.5031,9,0.889,0.00039,4,4/4,29,24.9471,40.4038
491,41.6409,1,15.1141,4.6097,5.8678,4.1512,0.4854,9,0.889,0.00037,4,4/4,29,18.2534,37.4270
492,64.6871,1,15.4108,4.5272,6.0716,4.3324,0.4797,9,1.000,0.00035,4,4/4,29,32.1529,56.1303
493,49.6609,1,14.9598,4.4616,5.9383,4.0563,0.5036,9,0.889,0.00033,4,4/4,29,21.4341,44.7972
494,56.7131,1,17.0963,4.3926,7.5188,4.6893,0.4956,9,1.000,0.00031,4,4/4,29,30.6016,47.7485
495,48.2480,1,17.2189,4.2104,7.8401,4.6645,0.5039,9,1.000,0.00030,4,4/4,29,25.2365,41.1216
496,42.5317,1,14.9279,5.3012,5.3396,3.6730,0.6141,9,1.000,0.00030,4,4/4,29,25.5928,33.9700
497,38.3044,1,17.0525,4.7558,7.3319,4.4189,0.5459,9,1.000,0.00030,4,4/4,29,20.4724,32.3745
498,44.9831,1,16.7150,5.7284,6.2674,4.0997,0.6196,9,0.889,0.00030,4,4/4,29,25.3490,37.1606
499,35.7692,1,14.9258,4.5483,5.8334,4.0197,0.5244,9,1.000,0.00031,4,4/4,29,19.5768,29.9363
