epoch,train_loss,train_cls_loss,train_box_loss,train_quality_loss,train_depth_loss,train_det_loss,val_loss,lr,val_quality_mean,val_raw_score_mean,val_soft_score_mean,val_quality_score_max,val_raw_score_max,val_soft_score_max,calibrated_precision_001,calibrated_recall_001,calibrated_f1_001,calibrated_precision_003,calibrated_recall_003,calibrated_f1_003,calibrated_precision_005,calibrated_recall_005,calibrated_f1_005,calibrated_precision_010,calibrated_recall_010,calibrated_f1_010,calibrated_precision_015,calibrated_recall_015,calibrated_f1_015,calibrated_precision_025,calibrated_recall_025,calibrated_f1_025,softcalibrated_precision_001,softcalibrated_recall_001,softcalibrated_f1_001,softcalibrated_precision_003,softcalibrated_recall_003,softcalibrated_f1_003,softcalibrated_precision_005,softcalibrated_recall_005,softcalibrated_f1_005,softcalibrated_precision_010,softcalibrated_recall_010,softcalibrated_f1_010,softcalibrated_precision_015,softcalibrated_recall_015,softcalibrated_f1_015,softcalibrated_precision_025,softcalibrated_recall_025,softcalibrated_f1_025,raw_precision_001,raw_recall_001,raw_f1_001,raw_precision_003,raw_recall_003,raw_f1_003,raw_precision_005,raw_recall_005,raw_f1_005,raw_precision_010,raw_recall_010,raw_f1_010,raw_precision_015,raw_recall_015,raw_f1_015,raw_precision_025,raw_recall_025,raw_f1_025
1,12.615478661299761,3.1761835446904465,4.870374951100822,4.252015943199729,0.31690421877525643,12.298574442524504,13.128905532585977,4.987317656617528e-05,0.5136752933789315,0.018512041733851025,0.013370327228851652,0.8489584922790527,0.9332091808319092,0.8303052186965942,0.03595369541199997,0.961897401499023,0.06931648679477055,0.1294626833717096,0.8993992242410103,0.22634453881736,0.24095545470107596,0.8415381025985009,0.374640929347879,0.4501014929570039,0.7469159205576132,0.5617094073330812,0.6661788692245545,0.6372597626060836,0.6513985049821507,0.9110597658656808,0.431231590305929,0.5853837170173598,0.027261844778812938,0.9657032867683514,0.05302674236958901,0.08000080796145013,0.9240572778442065,0.14725309197799452,0.1569236399759496,0.8753244480737262,0.2661358255672699,0.345763664106542,0.7897284843535828,0.48095341701781885,0.5071876647065511,0.7156376680568112,0.5936458591637888,0.8328115359126123,0.5314094899238823,0.6488156172943911,0.022994399880175743,0.9670885706786433,0.044920722757570614,0.05184794306766729,0.9427513196651988,0.09829027344070687,0.09387266858883642,0.9063110618565721,0.17012441886086466,0.24816317578681873,0.824973023418589,0.38155068402612685,0.380106251847153,0.7689200618274082,0.5087286847881141,0.657948873090304,0.6342704657470326,0.6458927298645759
2,10.86866819687007,2.2845366656550907,4.141899263923009,4.194505958182851,0.2477263020369446,10.620941894833125,11.892880417815734,4.947361553269776e-05,0.6027182197277334,0.011987483090651129,0.009200839467978162,0.8987153172492981,0.9501765370368958,0.8568682074546814,0.05986785266667478,0.9326606200239144,0.11251342429751673,0.21476667908922167,0.8655399690862959,0.3441414437161733,0.3488255407715751,0.8211525562133629,0.4896484561809281,0.5210416813243143,0.7559275569424597,0.6168821509957102,0.6556773083747579,0.7058823529411765,0.6798542206492659,0.8576350275833496,0.5735367027326548,0.6873880407902899,0.0459330812983987,0.9382892472804689,0.08757882243736058,0.1428067419007343,0.8853568199714194,0.2459432089763843,0.26877913522466107,0.8424421826241651,0.40753516457160593,0.45665565803658514,0.7782816646738021,0.5755866620653955,0.575782452539764,0.7363731809034968,0.6462507118496574,0.7699940912724619,0.6460818338242585,0.7026165556612751,0.036586064033547805,0.9411764705882353,0.07043416248942161,0.09591289709408506,0.9005949429846306,0.17336275062946838,0.1818497219859811,0.8636734812913762,0.30044054874569154,0.38641272610864474,0.8008690833795095,0.5213016880941194,0.5005950095969289,0.7606229403015544,0.6038037250112862,0.6823822049405307,0.6960541281460527,0.6891503645419765
3,10.2841387182348,1.9520619524487306,3.937871825451941,4.166218265839475,0.22798667603264455,10.056152042202156,12.158571266523671,4.880550256256166e-05,0.6134903171167652,0.014055053519548534,0.010686730403296261,0.8750054240226746,0.9580005407333374,0.845606803894043,0.04068090955672763,0.9666802764735046,0.07807613285650435,0.10918774285036578,0.9330251684213596,0.19549731357329128,0.20365767457912848,0.894893406048587,0.3318041614740604,0.44268959031237615,0.8305287409956545,0.5775386971004426,0.6238196663116791,0.7687450785966344,0.6887411162207357,0.8557377049180328,0.6165534136311936,0.7167169542665356,0.032206885148446676,0.9685467642684242,0.0623407657136582,0.07544976988517503,0.9466592784858118,0.13976047826845123,0.13779700566436548,0.9145061098311412,0.23950552220338206,0.3380152724508483,0.8558867275219458,0.4846340577316863,0.5176955117704872,0.806497710636064,0.6306032050076107,0.7629572559027945,0.6931231590305929,0.7263655743090948,0.025033031812176035,0.969713319140249,0.04880613905944278,0.05371991462169028,0.9571291084604392,0.10173011560451756,0.09116876220494022,0.9313044999854181,0.1660794108545677,0.23145092428053818,0.8774534107148065,0.3662848029607626,0.3968732497597201,0.8369593747265887,0.5384308703992946,0.6642257384239194,0.7486365889935548,0.7039096187727514
4,9.77373670788626,1.7367607135527774,3.7176265918048084,4.104638976672834,0.21471041716139286,9.559026290724866,11.476269075146769,4.787617643663973e-05,0.6137897060447879,0.013669870492010424,0.010382160990789948,0.9075254201889038,0.9577697515487671,0.8712939620018005,0.039430004259071526,0.9584852284989355,0.07574406202322184,0.15228893099123533,0.9154101898568053,0.261135064194958,0.28477539257554285,0.873195485432646,0.4294833175545801,0.5366420979281782,0.7973256729563417,0.641512533070529,0.7447627126346245,0.716950042287614,0.7305917753259781,0.9317980088760945,0.566391554142728,0.7045337057761897,0.02829342892920736,0.9604100440374465,0.054967528823046584,0.1004580032938593,0.9339292484470239,0.1814033716266739,0.19666667730742096,0.8983639067922657,0.3226909770872016,0.4260774276836243,0.8277873370468664,0.5625829980377777,0.6176041289599364,0.7712531715710578,0.6859295667792786,0.8812676056338028,0.6386742103881712,0.7406111026564535,0.020500755548074914,0.9608620840502785,0.04014498594340625,0.06322479223554842,0.9477237598063519,0.11854141872882554,0.12846207687987823,0.9206305229082213,0.22546362263099817,0.3241384251630006,0.8575928140219896,0.4704602450213784,0.48770772883144287,0.8088162384438158,0.6084977071768655,0.7659821652851042,0.7114526524541398,0.7377111148071428
5,9.395574194213527,1.60313734828841,3.558131495366972,4.029084573602988,0.2052207694770557,9.190353424736472,11.575315594385385,4.669584519025283e-05,0.5839682272302417,0.02122385142598947,0.015797038560948624,0.881988525390625,0.9631845355033875,0.8735969066619873,0.036284848683221425,0.9537315173962495,0.06990996306492205,0.13191819740804886,0.9018635714077401,0.23016892005046388,0.26965101525791596,0.8460439207909242,0.40895874817177397,0.5850179944017416,0.7680013998658461,0.6641362874040074,0.7494250034731333,0.7079529878386654,0.728098919474209,0.9131888402121282,0.5775175712327568,0.7075606531603957,0.03119431587409743,0.9539648283706145,0.0604131431207224,0.07784566200194173,0.926011257254513,0.1436179956713775,0.17044259278685178,0.8766368223045291,0.28539621880155236,0.4425371268160075,0.7999650033538452,0.5698408164325223,0.646863273478228,0.7490740470704891,0.6942267149575653,0.8517420311341735,0.6366764851701712,0.7286715620827771,0.029021994645152586,0.9534252967423955,0.05632934020822834,0.048452135689447805,0.9393099827933157,0.09215088104545244,0.10019627069577076,0.9074338709207034,0.1804659984137088,0.2919378144887732,0.8307912158418151,0.4320532653865987,0.49558788236814416,0.7829187202893056,0.6069660177711457,0.756817179923169,0.7009536586077167,0.7278150408042758
6,9.202487008834904,1.4495127545352187,3.541080057520094,4.015335450029318,0.19655874449847158,9.005928264336433,10.789825184631578,4.527747398462621e-05,0.6585267278882393,0.01315955455888716,0.01029937420197938,0.8936612606048584,0.9632015228271484,0.8855746984481812,0.052424517577525635,0.969027968153052,0.0994678156042063,0.15210771420987862,0.9192160751261338,0.26102259175831455,0.2820966942998402,0.8802677243430838,0.42726809450334774,0.5580549515714568,0.8233544285339321,0.6652293264529506,0.7026010163690282,0.7842456764560063,0.7411817398794142,0.8476550262600203,0.6707398874274548,0.748890860692103,0.04126678333049417,0.9714194056402928,0.0791703383974002,0.1086347056111518,0.9345708536265275,0.19464395805304416,0.19243840932341208,0.9024468488436524,0.31723038518416,0.4495884454107781,0.8442649246113914,0.5867307127149647,0.6162470888322058,0.8102744320335967,0.7000655126363795,0.7880077916365579,0.7314736504418327,0.7586890105568831,0.03323224916914396,0.9728484353582781,0.06426908319549782,0.07938555977498546,0.9474175391524979,0.14649599668099939,0.13308303188179585,0.9200326635364111,0.23253045572563957,0.30976801674309423,0.8697833124325586,0.4568365021923526,0.5065670370238898,0.8323660649187786,0.6298286458275866,0.7133805541104753,0.7798419318148677,0.7451321885123132
7,8.882846325477667,1.3408566728641365,3.4031579127032834,3.949422140596646,0.18940959144276168,8.693436734034906,10.708671623565522,4.363664269313398e-05,0.6072411679426519,0.010943980705517818,0.008438319945119786,0.9072219729423523,0.9580779075622559,0.8988696336746216,0.08201296998547684,0.9486132578961183,0.15097343448666387,0.2852700983227299,0.899034675843565,0.4331109963716575,0.4003366032574076,0.8706144827787337,0.5484693291688676,0.5728441106799053,0.8286768351366327,0.6774107031105654,0.7239823258437529,0.7860684184432325,0.753749029971266,0.9146745420441393,0.6684067776838053,0.7723856704748424,0.05496551134276845,0.955845898101432,0.10395323610943713,0.21176108311873768,0.9125229665490391,0.34375094412172646,0.33382800734316087,0.8856484586893756,0.4848871928339907,0.5000819636771494,0.8451981685088512,0.6283722619428349,0.6225418648958809,0.8147656682901222,0.7057998749455255,0.8478286493677067,0.7342004724547231,0.7869339272457312,0.037207975437595506,0.960439207909242,0.07164055400288129,0.14258544875772208,0.924873866254484,0.24707930955228416,0.2577768673469814,0.8991367493948497,0.40068100370068327,0.42942243130857793,0.8598530140861501,0.5727871002209864,0.5385150572108197,0.8352095424188515,0.6548225381418665,0.7398807310388519,0.7833707603021377,0.7610049083839163
8,8.540750652370475,1.2564515106084715,3.2179635238262176,3.881009785254766,0.18532582470439818,8.355424827666077,10.459855728575315,4.179137476665299e-05,0.6788229784597503,0.010584050855571946,0.008369399844779751,0.8809077739715576,0.9671605229377747,0.8957806825637817,0.06467613782837356,0.940199480883082,0.12102686159254958,0.17726066439682905,0.9087316632156085,0.2966547263444763,0.2973108931780886,0.8876753477791711,0.4454322613690411,0.5853052447942552,0.8414797748549098,0.6903948651380921,0.7483135108775162,0.8055353028668086,0.775870786516854,0.9009031929779926,0.7228848901980227,0.8021358359289673,0.05209452115712802,0.94633847589606,0.09875284550866131,0.12674108465869802,0.9167225640876082,0.22269374164238714,0.21723286000768316,0.8987867829333023,0.349897109121099,0.4495164733319659,0.8628568928810989,0.5910945733336663,0.65169003419078,0.8282539589955963,0.7294395643910208,0.8489881969621952,0.7751173845839774,0.8103728208919955,0.042268997012670395,0.9513692437808043,0.08094177955792983,0.09220796035968408,0.9242322610749804,0.16768634277784908,0.15558651754970773,0.9086150077284261,0.26567946293615646,0.32735885915217816,0.8796844469071714,0.47715354620306727,0.5081942970476174,0.8518912770859459,0.6366162496730887,0.7638115038115039,0.8035959053923999,0.7831987948382695
9,8.30355730625518,1.161126098038486,3.1436488561742166,3.818773786110711,0.18000856514399488,8.123548741111186,10.894882918914975,3.976193925782746e-05,0.70758284018185,0.011650043579359077,0.009178508437119091,0.8956989645957947,0.9721521735191345,0.9055541157722473,0.04565136430047241,0.9527107818834029,0.08712779654756023,0.176142912024587,0.9092711948438275,0.2951162603588382,0.3300925976900124,0.8743328764326752,0.47925059147004284,0.6096552329344141,0.8104348333284727,0.695851409469078,0.7543147935779817,0.7673160488786491,0.7607598779800201,0.8975737524124621,0.664600892414477,0.7637152719595159,0.03745314927716028,0.9557292426142495,0.0720815638384626,0.10533079747770153,0.9214471113184987,0.1890511243711734,0.22927384083536925,0.8935956137536819,0.36491882058351516,0.49686773638869447,0.8385050599317565,0.623984721310408,0.6643532892574059,0.7956487503280936,0.7240974328009608,0.8513835346526172,0.7245909766980664,0.7828868074647677,0.03132090413808238,0.9573478374989064,0.060657323494330444,0.06761346812740578,0.9323398174341626,0.12608334697274157,0.14299405481129243,0.9094315961387034,0.2471306384218066,0.36228462811944323,0.8615736825220917,0.5100833952034809,0.5504198001692822,0.8249876053544869,0.6602981939135764,0.7652325835335226,0.7664265507888828,0.7658291017972797
10,8.211975617498652,1.1050696687918355,3.11972155185698,3.8102495423919103,0.17693484536687104,8.035040772131781,9.8957763991589,3.757062817887744e-05,0.7428051586293698,0.008782496750595907,0.007150214178425117,0.9277836680412292,0.9739792943000793,0.9163014888763428,0.0960183260979421,0.9614307795502931,0.174599370538723,0.24788994848185902,0.9233573449211118,0.39085000401207326,0.4099782356161457,0.8954621015486016,0.5624461907640453,0.6877054725423407,0.8449356936626906,0.7582556351621029,0.8313930752338838,0.8060310886873341,0.818515666646923,0.9258656185663485,0.7213537869287526,0.8109140384237099,0.07897994080737594,0.9658199422555338,0.14601916234198564,0.18079560656199395,0.9361019568957974,0.30305934337771717,0.3100180594971125,0.9111668465105427,0.46262965787349986,0.5850204821175359,0.8663128116888799,0.6984071004525951,0.7511094674556213,0.8292455306366473,0.7882458936863261,0.8992242787152966,0.7708011315582257,0.8300749046026288,0.06589927686871669,0.969800810755636,0.1234125069586194,0.13587774419511295,0.9453031584473155,0.2376025333714512,0.22333768339741178,0.9258362740237394,0.3598656710073258,0.46707383675761327,0.8854297296509085,0.6115489397273657,0.6512922111167999,0.8532765609962378,0.7387264555875371,0.8469373646126193,0.8038729621744582,0.8248434565980145
11,7.875792332748672,1.012885415646068,2.9588667110233593,3.730836171267261,0.17320403145477836,7.702588301293893,9.989834570352327,3.5241511638529006e-05,0.775619223204279,0.006754363818553605,0.005596789678969356,0.9214926958084106,0.97305828332901,0.9082391858100891,0.18754778203803887,0.9372247659599289,0.3125510601050379,0.33354187721577877,0.9095628335617837,0.4880961230725893,0.4369949458896091,0.8926477879203243,0.5867479464396967,0.6184047418148484,0.8656566245734784,0.7214339966580586,0.7535290427144874,0.8406631864446323,0.7947148587734172,0.8885271369075164,0.7839686196739479,0.8329795640115892,0.16318519061176132,0.9419638951267171,0.27817886248883045,0.2827322089970873,0.917203767972236,0.43222813949493216,0.37555481344303104,0.9019218991513314,0.5302971196838039,0.5376519233178799,0.8759952171250255,0.6663339101113624,0.6648642533936652,0.8570387004578728,0.7488183057498502,0.8375782818446049,0.8152031263670565,0.8262392480269575,0.14205362438419064,0.9464697133191402,0.2470309059804338,0.24105686264816498,0.9243489165621628,0.38239153056146225,0.31809929830287204,0.9095919974335793,0.4713572168025571,0.46390014267512036,0.8866108664586311,0.609101154549325,0.5753673101226136,0.8696958208171717,0.692557348304952,0.7573702713734578,0.8387529528420193,0.7959868534855561
12,7.762975054972444,0.9854936228247332,2.903208014670589,3.704389912561987,0.16988350367112634,7.593091551301318,9.777417342131873,3.2800173447725445e-05,0.7899912865736325,0.00757959067165551,0.006310369556571592,0.9022293090820312,0.9727187752723694,0.9047957062721252,0.1417698912223272,0.9561229548834903,0.24692655169362113,0.2759079337954848,0.9134999562541923,0.42381068355252477,0.39698619976186295,0.8897022368689668,0.5490054932942219,0.6445707421783764,0.8450815130216688,0.7313315119661302,0.8018469541329982,0.8001983143282102,0.8010217859358465,0.9312015129877649,0.7036221528770159,0.8015714807800924,0.12245519546847432,0.9614745253579865,0.2172420382585317,0.23117197233477407,0.9226282481262212,0.36971009030644586,0.32869073361952345,0.8998950100615357,0.48150835635035816,0.540354779311225,0.8643879961503689,0.6649988781691721,0.709424736815846,0.8293621861238298,0.7647193277310925,0.8911433725624947,0.7563504330834961,0.8182327283626355,0.10558764586120088,0.9657178687042491,0.19036189945113619,0.19626487029689887,0.9312607541777246,0.32420331239291833,0.2724063139611509,0.9102044387412873,0.4193187581662026,0.4491400491400491,0.879640701099478,0.5946532076810852,0.6012898174475625,0.8510892706115664,0.7047076295232,0.8205062682259567,0.7959549709819476,0.8080441733775462
13,7.733701492264069,0.9304540381916283,2.9335582533631244,3.703020921942361,0.16666827322417105,7.567033219039899,9.903822470804835,3.0273430098316875e-05,0.7744011735107106,0.008727216623875031,0.0072440780075393035,0.9272505640983582,0.9760938286781311,0.9300804734230042,0.12174221653399238,0.9653970661144974,0.2162180698279367,0.21466172220247715,0.9335647000495786,0.3490611301332519,0.2979558889864913,0.9150310595234623,0.4495331019438863,0.5176570735775888,0.877876286855843,0.6512762539418099,0.7134019340441359,0.839088337367669,0.7711574799983919,0.8860699626708106,0.7649391933273061,0.8210610341130526,0.10734829235513327,0.9690571320248477,0.19328521756075429,0.18470916126962486,0.9403015544343667,0.30876561269269726,0.2502151242194346,0.9243489165621628,0.39382455268389666,0.41388244184163653,0.894514275715244,0.5659197210254897,0.5969395978563081,0.8640817754965149,0.7060877232701405,0.8307696916141207,0.8088308203797137,0.8196534781484355,0.09488972090923461,0.9715798069351688,0.1728937101606096,0.16149898122417297,0.9465863688063227,0.2759223090508383,0.2117758973288123,0.9316836303187611,0.34510733798027976,0.3354424912538332,0.9060048412027181,0.48961001095342044,0.47297792540956124,0.8845110676893464,0.6163647910580465,0.7444063644300812,0.8329930881623845,0.7862122119228997
14,7.548397410140674,0.8658923041974181,2.8543357025480764,3.6642522396698234,0.16391715946341762,7.384480250677257,9.767834125258654,2.768903620156197e-05,0.7336268826641141,0.008183453556253136,0.006692084936313258,0.9151243567466736,0.9814183712005615,0.9278668165206909,0.1463589290367903,0.9417889118959433,0.2533464871936187,0.2870832070672287,0.9117355420105573,0.4366697861522775,0.40663839645313116,0.8907229723818134,0.5583674215589935,0.6383497009930323,0.8483187027909825,0.7285067589989543,0.7691716739374983,0.8175799819183995,0.7926374123501471,0.9050110083663584,0.7492490303012628,0.8197968935725511,0.1200180431000856,0.9466738604217095,0.21302860517961297,0.23444531566449522,0.9199597538569221,0.37366477432576106,0.326783818472801,0.9021697920615941,0.4797813148252263,0.5385676431086428,0.8654087316632156,0.663944421448309,0.6862813079084225,0.8370614482778733,0.7542092850620471,0.8561000712532658,0.7884015281868821,0.8208573402260633,0.09788381624423531,0.951092186998746,0.17749983331496397,0.1926500605064343,0.926244568228878,0.3189595651464367,0.26423834621740766,0.9116334684592726,0.40971901368067504,0.4270690798290285,0.8829216366764852,0.5756812261119246,0.58393129049273,0.8555805068680918,0.6941245364044505,0.7813350832856285,0.816005132841436,0.7982938537364745
15,7.466985010614575,0.8318722545973047,2.8282991590569595,3.6446235124952016,0.1621900823157927,7.304794928298782,9.629509457638267,2.5075379622006007e-05,0.7543444588473155,0.006644149616829764,0.005539746576911882,0.9140126705169678,0.9774592518806458,0.921890914440155,0.2152491859745432,0.9331126600367465,0.3498056665555149,0.4170365587926721,0.9042258450231853,0.5708105122658443,0.5410818243508697,0.8836507334713757,0.67118189772614,0.7093888450567458,0.8522120796756978,0.7742691917887164,0.8216126253704542,0.8206421884569396,0.8211271201896773,0.9124629343560787,0.7493511038525474,0.8229020713067567,0.17569305106261005,0.9384788124471405,0.2959762516297112,0.3514550561797753,0.9122313278310828,0.5074175311666086,0.4679631774675364,0.8954475196127037,0.6146885416562395,0.6432058319411599,0.8645921432529382,0.7376461806419508,0.7498734374391526,0.8423692729446761,0.7934347422999004,0.8830401744309029,0.7913470792382397,0.8346829699696235,0.14442266213554947,0.943188777742133,0.25048988854551507,0.29261628960537506,0.9183119951004696,0.4438133159498934,0.39426527851003956,0.9050715973052582,0.5492621844649453,0.5713932712412089,0.8766951500481204,0.6918606658304469,0.6782384973925885,0.8572282656245443,0.7573009391062389,0.8286379442447103,0.8200589110210271,0.824326107031353
16,7.2942515751819235,0.8054926994908493,2.7248067923948,3.603156331375316,0.16079575258202167,7.133455822599902,9.66899641055117,2.246116965548875e-05,0.7577427172287697,0.007234748907279587,0.006013991077001823,0.9136255383491516,0.981116533279419,0.9207512140274048,0.17444667407059436,0.9368018898188923,0.2941231678535702,0.3135411302206291,0.8966724022281198,0.46461830229808193,0.4356983671507436,0.8723497331505731,0.5811427794291931,0.6853077034114421,0.8307474700341217,0.7510513479665151,0.8066996317110032,0.8017002537256847,0.804192172952732,0.9004291398092326,0.7557234098398904,0.8217544694176874,0.14928381398810556,0.9417889118959433,0.25771671750958164,0.2654327582596507,0.9056986205488641,0.4105467368636744,0.3607092721692165,0.8842631747790837,0.5123999763407606,0.5877623441143668,0.8453294059319315,0.6933998373283574,0.7399417524346692,0.8187611187261221,0.7773585950533362,0.8687558983370757,0.7785587214558605,0.8211879787135868,0.12775887080424295,0.9464697133191402,0.22512881077865704,0.22664428704755427,0.9136166117413748,0.36319053967885917,0.29883516911979724,0.8940913995742075,0.44795037953228767,0.4797928472126243,0.8605529470092449,0.6160904900850301,0.647465568167672,0.8342617165854939,0.7290892755876413,0.8250082948752753,0.7976756394178891,0.811111770113579
17,7.286594598776746,0.7189564228269998,2.76932811898055,3.642068326303527,0.15624172834420763,7.130352870432539,9.263555481553293,1.9875121676441148e-05,0.763218205047945,0.006350810762404828,0.005333635568585789,0.9158867001533508,0.9829229116439819,0.9278927445411682,0.21103914353068762,0.9307503864213013,0.3440647496556873,0.3983408433829083,0.8920353466126163,0.5507449921224398,0.5288372051797949,0.8700312053428213,0.6578243780354023,0.7211042929324748,0.8345096094957567,0.773673288675891,0.8353212948423723,0.8067456035463269,0.8207848082486462,0.9176222670998332,0.7619644784041529,0.8325804832580483,0.17513060795787808,0.9360873749598997,0.2950592117812255,0.3347217106831033,0.9011490565487474,0.4881321927600451,0.45553351485484567,0.8806906004841203,0.6004742469961871,0.6421655123737262,0.8490915453935665,0.7312720559609178,0.76646430700851,0.8247834582519176,0.7945551856378272,0.8898113829173874,0.7876578494560937,0.8356241733251858,0.14365432252775648,0.9403453002420601,0.24923378977433033,0.2795558721922762,0.9097815626002508,0.4276915378208578,0.380453187250996,0.8911895943305433,0.5332565505326806,0.5658321032149225,0.8607862579836099,0.6828182112617406,0.6812806426841514,0.8408964974189973,0.752719891922231,0.8404002920063268,0.8057686138411736,0.8227201667535174
18,6.783061551818393,0.6894866120427124,2.4642408677090493,3.4786223539071344,0.15071171618891982,6.632349835629473,8.811011790437878,1.7345641718412913e-05,0.7523750360414662,0.005363526500243401,0.004481856498844924,0.9125122427940369,0.9819050431251526,0.9241084456443787,0.27395285954798226,0.9396162034471697,0.4242206787583529,0.4242273046011112,0.9174662428183966,0.580183503158283,0.5299395307862709,0.9034967482282948,0.6680431489458052,0.7218475372981811,0.8755577590480912,0.791307270079534,0.8438485117015558,0.8470354924319753,0.8454389986537132,0.9312920089619119,0.8000816588410278,0.8607150140398764,0.24410176692310884,0.9433929248447024,0.38784826821335966,0.3752222248559983,0.9232990171775205,0.5335951391756487,0.467280905940557,0.910379421972061,0.6175730148131661,0.6392647971147072,0.8865233748432442,0.7428595866349791,0.7604708528776473,0.8676251859196827,0.8105217989497272,0.9002601357781866,0.8276123538160927,0.8624090197687316,0.21597498295048154,0.9466738604217095,0.3517104446966598,0.33235237334919565,0.9287964070109948,0.48953413750302616,0.411387602375906,0.9170287847414623,0.5679759399582743,0.5611130872575041,0.8970952783691563,0.6903977690369714,0.6769734408107896,0.8805156172533466,0.7654444620503883,0.8381874225794371,0.8485520137653475,0.8433378742645141
19,6.736580109651293,0.643861317620679,2.470261120624201,3.473655517470979,0.14880215339692293,6.587777956254371,9.127253470898538,1.4900514452505714e-05,0.7477492783295878,0.007133759408015383,0.005980408065598244,0.9063083529472351,0.9836050868034363,0.9256240725517273,0.2372520283994285,0.9419055673831258,0.3790316192197443,0.422330684522609,0.9160372131004112,0.578122986876737,0.5570488007813913,0.8981597596896964,0.6876248953391013,0.7674412633200668,0.8716498002274782,0.8162328972881447,0.8557164914344534,0.8485665957012453,0.852126545763382,0.9284270798248568,0.8039021260462539,0.8616889917004017,0.19765037622604623,0.9464697133191402,0.32701129301636644,0.3597671549817806,0.9228469771646883,0.5177083631574426,0.4743681595073321,0.9075651083437837,0.6230691453684516,0.6899418405747519,0.8822217037533903,0.7743235979215194,0.8024930560260145,0.8636588993554785,0.8319532528461965,0.8998985511840979,0.8278310828545598,0.8623617693522906,0.16208427099004116,0.9504943276269358,0.27694255554635006,0.3070867280528371,0.928854734754586,0.46157357757746154,0.39947325563641917,0.9156580827670682,0.5562652256721442,0.5929112648489429,0.8922978214587769,0.7124295627066548,0.7310884486199679,0.8760097990609234,0.7970149253731343,0.8580658515309668,0.846291813701187,0.8521381639320192
20,6.614539848331673,0.6225845019867348,2.4198654624832368,3.422864444139326,0.14922543768099109,6.465314410650682,9.22775660024469,1.2566597991063698e-05,0.7456311113251936,0.006390710888214316,0.005380746101401193,0.9242640733718872,0.9820365309715271,0.9270480275154114,0.26145110203009864,0.9292192831520313,0.40808171368191865,0.44856017899691986,0.9003907958820613,0.5988052406489716,0.5650667064172319,0.8844235760739596,0.6895642188796799,0.7385409618324437,0.8594593018169092,0.79442527496226,0.828454231433506,0.8393508122138295,0.8338669254950817,0.9117313592103508,0.7973694187640351,0.8507242092817026,0.2204838665309603,0.9350228936393595,0.35682606106810755,0.394768895035335,0.9074192889848056,0.5501830141637049,0.5010858074719944,0.8916416343433754,0.6416028792226938,0.6798415362308913,0.8683251188427775,0.7626097368876025,0.7783406206675909,0.8514100732013182,0.8132373218936725,0.8847379547534155,0.8177549651491732,0.8499287684520022,0.1822687940496578,0.940505701536936,0.3053593409714989,0.34554003046155884,0.913062498177258,0.5013491332719484,0.4400650838168233,0.8991950771384409,0.590929781270214,0.609347460545775,0.8771909358686459,0.7191392707710699,0.7187709075869452,0.861617428329785,0.7837384355207746,0.8407646117481244,0.8350637230598734,0.8379044706674178
21,6.514678257398763,0.5873725241258677,2.391224100657177,3.3882748563182314,0.14780677370082052,6.366871483697942,8.921473764553081,1.036952886900157e-05,0.7589945804454715,0.005363371328792651,0.004566688216188817,0.9216188788414001,0.9845432639122009,0.9367506504058838,0.3286410171730515,0.9286943334597101,0.48548233410832026,0.511873589908272,0.9064860450873458,0.6542857744284932,0.6226612706418286,0.8929248447023826,0.7336959777620684,0.7764571250227574,0.8706582285864272,0.8208639225714208,0.8511930839101609,0.8499518796115372,0.8505720289516693,0.9287919463087249,0.8071976435591589,0.8637363666151757,0.2881152893492457,0.9328939309982793,0.44026040161305857,0.4598529941948158,0.911370993613112,0.6112738457927244,0.5642419749018316,0.8988888564845869,0.6932952443077338,0.7239415637464559,0.8786782933302225,0.7938398303186794,0.8105181006626869,0.8632068593426463,0.8360331605632211,0.9010597912053148,0.8306599784187348,0.8644288987693288,0.250576452641148,0.936524833036834,0.3953682357250367,0.4129247273659508,0.9159934672927178,0.5692394825672278,0.5057152866605291,0.9051299250488495,0.6488848467742357,0.6627189251673973,0.8861442445099011,0.7583169033417356,0.7598305342736821,0.8734871241506023,0.8127043564383302,0.863334274966919,0.8467292717781213,0.8549511546927567
22,6.300585000026038,0.5639059723502153,2.2715753171961324,3.3193670886991207,0.1457366220010914,6.154848378024946,8.69767806392588,8.333440443355966e-06,0.7553044550491631,0.00642120687854637,0.0054230461650884325,0.9315657615661621,0.9846736192703247,0.9377514719963074,0.27001288844336246,0.9348041646008924,0.419,0.44104548492630247,0.9141123975619003,0.5950083763222962,0.5485548262514062,0.9030301262795649,0.6825112552418844,0.7332218019590728,0.8819446469713319,0.8007361021010685,0.8393240076688205,0.8618069934964566,0.8504169274711676,0.9152294413108145,0.8210213187902826,0.8655695365765543,0.22549743625640936,0.9394849660240894,0.36369897231952086,0.38695828419811323,0.9187057073697104,0.5445517169848829,0.48440622351468404,0.9084400244976523,0.6318773549980475,0.6543972755311858,0.8910291930356674,0.7545969843288834,0.7749348067439519,0.8753244480737262,0.8220761435223226,0.8885385100524543,0.8422963632651871,0.8647997185354862,0.18341097660500544,0.9438158009857389,0.30713638326444814,0.33621518281511376,0.9231969436262358,0.49291700891067136,0.4233900413815487,0.913062498177258,0.5785189633667482,0.5791823308270677,0.8986117997025285,0.7043742641932129,0.6954321114890011,0.8855609670739888,0.7790641736955197,0.8442606530635607,0.8603633818425734,0.8522359602495956
23,6.161138700420648,0.5393158454948226,2.2144254270862183,3.2630885777357865,0.14430885103664842,6.016829849383999,8.470060076422913,6.4806978042557655e-06,0.7667463122270315,0.005338143212948578,0.0045761601550576465,0.9356634020805359,0.9854514598846436,0.9445219039916992,0.3677111182815525,0.9305754031905276,0.5271300541031678,0.5272803876132294,0.9124646388054478,0.6683471025831361,0.6180861368243412,0.9025780862667327,0.733720165243212,0.7611044719793698,0.8822654495610838,0.817218534101423,0.8502567191578464,0.8644900697016535,0.8573143220731143,0.9266628487278082,0.825818775700662,0.8733393475361045,0.32758981798862874,0.9351103852547464,0.48520248926551535,0.4828677668172459,0.9165038350491411,0.632498415030542,0.5692506199840771,0.907083904459156,0.6995136487588203,0.7082337101604029,0.8897897284843536,0.788698169785958,0.7971403157070217,0.8755431771121934,0.8345042772461623,0.9000839369540212,0.8443815800985739,0.8713434452871073,0.28636167553889325,0.9389454343958704,0.438874443236538,0.438926865225343,0.9203972119338564,0.5943940371313818,0.521498961140826,0.9113418297413165,0.6633867774823401,0.6535999829888577,0.896424509317857,0.7559919819963845,0.7426194967783032,0.8840006999329231,0.8071658722339093,0.857913094027031,0.8608154218554055,0.8593618074358752
24,6.024762307042661,0.5204280229771625,2.148715638185566,3.212629624966155,0.14298901807928185,5.8817732889633785,8.63944744865939,4.831652109139537e-06,0.7661687625542654,0.005257792309763514,0.004512897360861466,0.9386003017425537,0.9858890771865845,0.9499942660331726,0.37761052386551514,0.9225407565108343,0.5358777914713219,0.5279855821545157,0.9056548747411707,0.667074808012459,0.6173210972368487,0.8975181545101928,0.7315058562065093,0.7599094851970583,0.8814342792149086,0.8161730453744523,0.8447995897786514,0.8648546180990988,0.8547094765967258,0.9151221872731672,0.827276969290443,0.8689851653864121,0.33767683101810025,0.9265653708186299,0.4949679067738518,0.4842657885744463,0.9092711948438275,0.6319587315421957,0.5678014366813029,0.9013386217154189,0.6967087466185752,0.7032306449751933,0.888754411035609,0.785182417808925,0.7962567766393172,0.8759660532532298,0.8342116774637033,0.8892291204164434,0.8469188369447928,0.8675584235172862,0.2976414830295001,0.9304150018956516,0.4510054779996466,0.4422301187541062,0.9128146052669952,0.5958092808771671,0.5180627332459488,0.9048382863308932,0.6588834912797643,0.6476480284011665,0.8938143427921491,0.7510752227028219,0.7373701748838567,0.8841173554201056,0.8041033394339673,0.854914783413872,0.8616465922015807,0.8582674877992099
25,5.928629345736076,0.5027757935471068,2.1057858325188414,3.1772466774076715,0.14282104201634924,5.785808303719727,8.428460249213044,3.404417038696854e-06,0.7692526742107181,0.0052923220737061795,0.004588072901103904,0.9444770216941833,0.987106442451477,0.9509900808334351,0.4036442543957622,0.9222345358569803,0.5615214216271647,0.5604205844061912,0.9038904604975356,0.6918732490261515,0.6451931357516436,0.8958266499460469,0.7501282082590541,0.7812831869868159,0.8796698649712736,0.8275625548726954,0.8591714604494806,0.8646213071247338,0.8618877688220887,0.9265955200363855,0.8318119513546618,0.8766491728202488,0.36036470781930385,0.9255883811134766,0.5187582492573115,0.5184488014525829,0.9076671818950683,0.6599448685326549,0.6000505944852011,0.8992971506897256,0.7198113868204207,0.7312148813033172,0.8861734083816968,0.8012710216297819,0.8166278166278166,0.8735600338300913,0.8441350740117094,0.9045182362547632,0.8480270640730263,0.8753621879539109,0.3155757191536572,0.9291026276648487,0.47112931729283286,0.4760507787497333,0.9110064452156669,0.6253315583492648,0.5553661315938232,0.9025489223949371,0.6876190793603182,0.6800431787578317,0.8910729388433608,0.771385471827919,0.7665178118339592,0.8810405669456677,0.819798917246713,0.8724428755003472,0.8613112076759311,0.8668413058313339
26,5.815827736188559,0.48066694673420246,2.0554449067316685,3.13830678974862,0.14140909244207842,5.67441864374648,8.50349684220592,2.21466983001797e-06,0.7625309762290734,0.005573067956357649,0.004807572718106466,0.9429095387458801,0.9873631596565247,0.9521650075912476,0.3944739665040025,0.9276735979468634,0.5535586097080282,0.5607287812937753,0.9105689871387326,0.6940569739138167,0.6491967259621951,0.9009594913820759,0.7546335594897131,0.7770084343363239,0.8852693283560326,0.827613471382514,0.8514405462813806,0.8709207034325878,0.8610704631465129,0.918488145760873,0.839467467701012,0.8772018041080026,0.3462101179122594,0.9316544664469655,0.504823760874203,0.5157138039660802,0.9143019627285719,0.659458663539459,0.6012826225950826,0.9050715973052582,0.7225442946613582,0.7315355876999713,0.8908396278689958,0.8033664277730291,0.8095410579412672,0.8799323398174341,0.8432702855665565,0.8950592764605231,0.8543118784449824,0.8742110210842026,0.2961909598781107,0.9354603517162938,0.44992425517589635,0.4691661636373121,0.9180203563825133,0.6209750203437476,0.5527570499299881,0.9095045058181924,0.6876129999559023,0.6825190517452066,0.8958995596255359,0.7747862493379404,0.7640322317062439,0.8862608999970836,0.8206201435254883,0.8628704831506293,0.8677272594709674,0.865292056244638
27,5.809891405065228,0.4807436393221275,2.0544463097085948,3.13341082544591,0.141290631371709,5.668600773693519,8.511510951085917,1.2754790724713766e-06,0.7672624731302734,0.005202495135849854,0.004499332467179689,0.9471163749694824,0.9877066016197205,0.9538101553916931,0.41411239660768506,0.9227886494210972,0.5716776425738728,0.5664921274926565,0.9055382192539881,0.6969696969696969,0.6483830491675365,0.8966724022281198,0.7525777611876365,0.7730073112122297,0.8818717372918429,0.8238587600637541,0.8479960133836406,0.8684855201376535,0.858118475935251,0.9173766816143498,0.8352678701624427,0.8743989375505655,0.37191030970083716,0.9263320598442649,0.5307367119488027,0.5266144764510653,0.9093003587156231,0.6669625810867902,0.6058112852295683,0.9008282539589956,0.7244359491533374,0.7283185099175236,0.8872087258304413,0.7999500384572402,0.805082248298773,0.8763889293942664,0.8392236263352649,0.8940376040086425,0.8507684680218146,0.8718665242048163,0.3280820860978244,0.9301671089853889,0.48507269740844383,0.4847091249748378,0.9129166788182799,0.6332153332659047,0.5615949575722449,0.9042695908308787,0.6928788107329008,0.681170392803064,0.8921228382280032,0.7725040089902395,0.7608946971600905,0.8829653824841786,0.8173976430567368,0.8608686812947446,0.8644463238939601,0.8626537932640188
28,5.741475063289482,0.46689585986342563,2.022072788755359,3.111697511927079,0.14080890304179272,5.600666160247689,8.485835112572868,5.97161157858222e-07,0.7675442510294751,0.00534537002511924,0.004635678050352381,0.9471234679222107,0.9876288175582886,0.9545348286628723,0.41117747606637073,0.9225261745749366,0.5688249917955772,0.5661633455976103,0.9065152089591414,0.6970097879830924,0.6468593149505428,0.8982909971127767,0.7521182819329474,0.7626417561417185,0.8845256496252443,0.8190742391098869,0.8377143817957629,0.8717956195864563,0.8544152744630072,0.9132618304526228,0.8405902767651433,0.8754204663664872,0.36805788906527004,0.9263758056519583,0.5268094069258326,0.5269600182464795,0.9096357432412727,0.6673299207839235,0.6052788737358409,0.9015281868820905,0.7242811370598813,0.7218220313923093,0.8898626381638426,0.797082046224881,0.7963175760457529,0.8791449152789524,0.8356839398706762,0.887918640374109,0.8555367610603983,0.8714269800601536,0.3226132737231261,0.9301816909212867,0.4790711472097992,0.48582515230297624,0.9128437691387908,0.6341493063469633,0.5632543788002541,0.9050278514975648,0.6943636445001342,0.6800523449889654,0.8941788911895944,0.7725528979710108,0.7532778446233425,0.8855172212662953,0.8140621334495124,0.8529892473118279,0.8675668581760915,0.860216297495807
29,5.730092835426331,0.46259668766685397,2.0221026291499555,3.104271131655307,0.14112238601457847,5.588970449411752,8.454420300945864,1.871669616440694e-07,0.7676293340992115,0.005252344643770758,0.004559284420481455,0.947687029838562,0.9882209897041321,0.9554540514945984,0.4263834325597721,0.9210971448569512,0.5829257488787583,0.5843045183676548,0.903627985651375,0.7097014327106979,0.666532879179051,0.8959870512409227,0.7644124306436764,0.7802615964088541,0.8820467205226166,0.828037946092456,0.8489672243086378,0.8702353524453906,0.8594697351556086,0.9155164472116775,0.8405027851497565,0.8764073986786988,0.3813179282485332,0.9249759398057686,0.5400161750308602,0.5439763617767132,0.9073755431771122,0.6801807956539085,0.6243038538650033,0.8990492577794628,0.7369006071616389,0.73990273556231,0.8874128729330106,0.8069721802317873,0.810759442482409,0.8770596984455656,0.8426073800117676,0.8938460600146377,0.8548222462014057,0.873898719458565,0.33433779215052184,0.9286651695879145,0.4916660876546927,0.5014206825697499,0.9109481174720756,0.6468115506869739,0.5808441131742486,0.902257283676981,0.7067228618421053,0.6984241178485783,0.8918457814459447,0.7833721853626047,0.7705303868809078,0.8831695295867479,0.8230138401016436,0.8616826769596889,0.8659045174837411,0.8637884386000639
